"path","bytes","sha256"
"coursework/year-1/autocad/autocad-i/acad.err","152","969a4fd25ab27e9ad6ed022b516522544c35a76f27adbcfe6ddfa11c49a231c1"
"coursework/year-1/autocad/autocad-i/big circle.bak","43581","a4440e99e8418fd0bda0b8968ddde9af03482318bc3109e9698b973f220dec86"
"coursework/year-1/autocad/autocad-i/classwork 1015.bak","46873","53deadfa355100a1b30696a1e969f446a287a89aea160353722f334eb8b2f1f5"
"coursework/year-1/autocad/autocad-i/classwork 1015.dwg","42765","ef7f76f698ab84f76ba826e97a5889fe870c50f0fc82a041f7b41f8cce9569c8"
"coursework/year-1/autocad/autocad-i/Classwork6.2.bak","33360","fd7b0a87b520f54a99b98b827ea4a5501542ffa5b772003d1c9ecbf4eb0354cc"
"coursework/year-1/autocad/autocad-i/Classwork6.2.dwg","41203","c014e1c086bcc895841f3dba43e8a53c0e6ef99c31b50c130a4872d306e6c86d"
"coursework/year-1/autocad/autocad-i/DifferentMount.dwg","39630","b928824756f95989298710378b12448309bd98b7d8e828ba20a95fa283db7855"
"coursework/year-1/autocad/autocad-i/Drawing2.dwg","34317","f2238537a553e22a6e5470c39cc4ac46a165b9bc6de785b8a7dcae95a6713963"
"coursework/year-1/autocad/autocad-i/Drawing222.bak","35023","197774c26eddaa623e2fa997b84239713b173adbc79b8b3f1ac8212480ef31e0"
"coursework/year-1/autocad/autocad-i/Drawing222.dwg","40143","ceb827ba323f3dc834ff0e3d99c3894d2db264dcf9b8c8a66d226cd7f1b25e28"
"coursework/year-1/autocad/autocad-i/Drawing3.dwg","33424","d944cb19c7df4195e65e5f4575593266b423e8bcdecefe016d2c8aee8c3efe60"
"coursework/year-1/autocad/autocad-i/Drawing4.dwg","34831","cc9d184c95c4d376ce3ab7d0ba404ae3a73a9c93656cba0a7b2b665c5f1dffd5"
"coursework/year-1/autocad/autocad-i/Drawing5_recover.dwg","29101","8b788d99e23e6eb234e936320696d5066dee0a46f5d6512e4731513fdf0a5622"
"coursework/year-1/autocad/autocad-i/Drawing7_recover.dwg","34989","2db73c772d0272dd3eb0a15ce6527d4e2ed8b33c418eb4157d877a6699b7de55"
"coursework/year-1/autocad/autocad-i/Filter_Plate.dwg","50837","458fa6fe640aa764900ee87f1575fb55cf607ea26e1a5bb2b8c687f9edcd19d5"
"coursework/year-1/autocad/autocad-i/FINAL.bak","65769","14f84c9b632c1bf4bfbaca4e332a4d7be91833d1042813cccf6671bf5bef8419"
"coursework/year-1/autocad/autocad-i/FINAL.dwg","66986","2ab9056347387a52da2a34ef14f151bb141dd680b65a83cdc0f3f4cd37ee202b"
"coursework/year-1/autocad/autocad-i/FINAL.pdf","107615","be4519868431e52d8cd804bfa31ac770a3ca32335b0fb85540675d901a5b1671"
"coursework/year-1/autocad/autocad-i/Homework 4.1.bak","40880","c8ea97d1f39f0f46e9f1be92f710876941957a4156fca5ff14417d58e6ed9289"
"coursework/year-1/autocad/autocad-i/Homework 4.1.dwg","41071","1dcadf8167fd6c39b1c088301d5cbfc9ea4bc5969c0ea7732b60b11c25476663"
"coursework/year-1/autocad/autocad-i/Homework 4.1.pdf","93049","ab813671cf207179e278b6f7430ad71efd9caa14317610f6121bd1ecd16ea312"
"coursework/year-1/autocad/autocad-i/Homework 4.2.bak","43247","6c5ab6356901c2d4ee85dc70ad1518f2bf7f5d36378c13154f6741f86d07e35c"
"coursework/year-1/autocad/autocad-i/Homework 4.2.dwg","43408","6cbd483e0efa26019767f3724d98fe4a93a321039864e401381b06655df91bbc"
"coursework/year-1/autocad/autocad-i/Homework 4.2.pdf","94384","9d5a949fa3da9acc1d6c93332532f22084d94d3ff41c7ea70c0f1651905ba234"
"coursework/year-1/autocad/autocad-i/Homework 4.3.bak","48847","6407b3921eb0d1eece59d5c6d0db89aae8f747d1793e81935186ddaa8cfa911f"
"coursework/year-1/autocad/autocad-i/Homework 4.3.dwg","46219","692161e3dce71bcf565dd6340c68b91d51be06f9461d67ba477027519fbe523d"
"coursework/year-1/autocad/autocad-i/Homework 4.3.pdf","97086","91f031c01e3d121bc37c33254be9823188f3f829c9de359e2dc3bce203db53e5"
"coursework/year-1/autocad/autocad-i/Homework 5.1.pdf","97965","5e1ef84c7841cf4c5a7f5003e147202c2e783fe66b284dd131b0411a8d2e7585"
"coursework/year-1/autocad/autocad-i/Homework 5.2.pdf","98021","bf55817f1df263a79b695a1e306901b2c57ab201c3922adf9925b90c74a0fe1f"
"coursework/year-1/autocad/autocad-i/Homework 6.1 (bryan).pdf","88642","e9f6c05874ce5dc63e969424d4d07e3d8563b01d7950c7c80639257ce2c99ec6"
"coursework/year-1/autocad/autocad-i/Homework 6.1 Final.bak","41106","652831ef8310bb6b444994759d70c4bade554283cbfa9736734245fe9b66ba30"
"coursework/year-1/autocad/autocad-i/Homework 6.1 Final.dwg","40273","37451ae634e1626fe535b19e196fbcb018308668df3e6e2544e8a93a4487ef05"
"coursework/year-1/autocad/autocad-i/Homework 6.1 Final.pdf","92726","1423d5b08a5ce18e7c4f2c6add8074420a4640625e0a94031a7f37e64b64c157"
"coursework/year-1/autocad/autocad-i/Homework 6.1.bak","38295","9f7adc1346c3d9504b6409b7b8a829a1ed99fefba9fa4750ca14918b19a87853"
"coursework/year-1/autocad/autocad-i/Homework 6.1.dwg","43973","c0ea867f1d730ff4f89cddd45608b8167b469fe6b831f81feae8c42e11178e8b"
"coursework/year-1/autocad/autocad-i/Homework 7.1.bak","86120","4ade1ca687a190e00c0daa8c5a67221d8443bee1416c3469bde9bc69e38034ee"
"coursework/year-1/autocad/autocad-i/Homework 7.1.dwg","86209","2883442c0eb4e1cc0c3d604ec4fc9618952daa828dbfd17a9ef525cb91df8596"
"coursework/year-1/autocad/autocad-i/Homework 7.2.bak","63002","85e6119a18b884a3a903e702b9790250ef65f8d4728a8011cf9f1bfb382579f0"
"coursework/year-1/autocad/autocad-i/Homework 7.2.dwg","46224","abb07c2f254a6e6a801bef0f6a849f0df4dddee21b85252296fb1b3e97de4949"
"coursework/year-1/autocad/autocad-i/Homework 7.pdf","109063","c47b58040f853166fd4f161b5bb4876579cdcb0773a602bed6b9903a2eeb1ea4"
"coursework/year-1/autocad/autocad-i/HOMEWORK_3_ANGELO_DEMETROULAKOS.pdf","93324","c9f45a2539ca61eaed2283ac4632331fc81c57f07b78065260ea908eafa72cb5"
"coursework/year-1/autocad/autocad-i/Homework1.dwg","39699","9f36313e614b1a65d39b173f1d9b45caad90678daa30894fb844bf221ce7f8ed"
"coursework/year-1/autocad/autocad-i/Homework2.dwg","59066","ec31b6b7b4ab0bcc9d5425b82b6d5add0fd052003056b9fb68c9e294cc216e8d"
"coursework/year-1/autocad/autocad-i/Homework6.2.bak","38808","a179193a045ad98c4037a5cb28e61820403f42be0e60a7ba18e40b6a5bf6fd70"
"coursework/year-1/autocad/autocad-i/Homework6.2.dwg","46634","4e8cd5477dea6e8a89a63a756e460370a6bc5c91739d21def2648dbf3ea6366f"
"coursework/year-1/autocad/autocad-i/Homework6.2.pdf","94136","02f48bacce011478eeb3f92d42e177e78f731dfb01dee2c67c33390e772aadfd"
"coursework/year-1/autocad/autocad-i/Homework6.2final.dwg","65466","c1cb07a90af0b35b25bfcea65d0ed3f6232b315c64bafe4cd405f67fa1051071"
"coursework/year-1/autocad/autocad-i/Homework6.3.bak","42402","c65ad9ad7945a4c0693ab6db6ba3ec122c48edafcd7aa7876aed6a17b5fc15d9"
"coursework/year-1/autocad/autocad-i/Homework6.3.dwg","38862","8b77678bfedbb3a21b1a2f8874b4cc2cc1630f2d401454e822ce8bc633d1dcec"
"coursework/year-1/autocad/autocad-i/Homework6.3Final.bak","65629","6cacdf049f496e65d2d92b637ec8073a4c703b05d03fc7b6d6ae01cff2e4e281"
"coursework/year-1/autocad/autocad-i/Homework6.3Final.dwg","63158","2aadb0b90e51a0e2e3f101fac1e2ed35fb1196ccea719e0717362f86beedd5a7"
"coursework/year-1/autocad/autocad-i/Homework6.3Final.pdf","96968","0a282c662be0b064a228443a1a53fb7f274a96eb26b6f4cd81378a4e552d63b8"
"coursework/year-1/autocad/autocad-i/Homework6.3mm.bak","43470","164f65d0a89fc02ddae747738723dcbd2465b4ca74daaeec112b2380c34e33e4"
"coursework/year-1/autocad/autocad-i/homework8.1.bak","67898","43ff8a6cca12aaea754514dae6fca89f4ad92f836fea65dc2fe927fd80fd2288"
"coursework/year-1/autocad/autocad-i/homework8.1.dwg","70587","860ce09cee5bf1d21c595207052159a63a8e7fbe23abe5e792b068dec3d28ebc"
"coursework/year-1/autocad/autocad-i/homework8.1.pdf","99227","07cf880ddfe704dd8147d2680a3d7b05c7647e041219f8011eb2c9f58e490ac3"
"coursework/year-1/autocad/autocad-i/homework8.11.pdf","99417","cdfec9effef3b7f853a5db22f9f7549e951aca2e0aa9d08e2a420026d2f4f82b"
"coursework/year-1/autocad/autocad-i/homework8.111.pdf","98948","c18c5e3d70a5c9417dd540fd39f3d2ff7a013a30325177afe3ff93c2bb6f1dfb"
"coursework/year-1/autocad/autocad-i/homework8.2.bak","67966","13474d3f3c2577ef162a856e07f31598d84eccd2f5e9414ae536e22290033983"
"coursework/year-1/autocad/autocad-i/homework8.2.dwg","67169","902779477c054bf46ca700a3e17f9e3fe90dd754feca1bbc4c6d665a27dde280"
"coursework/year-1/autocad/autocad-i/homework8.2.pdf","99026","44f8a634027503e425d28a91f337526ddfdd2ae81dec618da2957d522d1b2c98"
"coursework/year-1/autocad/autocad-i/homework8.22.pdf","99026","9e5148cece5b08b1ea673c662dd0cbfd3ba2816336aac12e568c84167dd5aa65"
"coursework/year-1/autocad/autocad-i/homework8.222.pdf","99137","47ea0ebdef78b8d0a333b40774d1a9b20afa9250fb8ae2bef9984a0772429487"
"coursework/year-1/autocad/autocad-i/HW333.dwg","65966","128aff041689994bd1e76f328e645dc94b4246cedcaa0a8feb1869aa1499467f"
"coursework/year-1/autocad/autocad-i/HW3ANGELODEMETROULAKOS.dwg","53235","dbf082e4f74bdfa37f98d7703c05c375ed11352eb25d8a5b50cf8ab0f1557ffd"
"coursework/year-1/autocad/autocad-i/little circle.bak","42092","bb936b1c8a75e5959a9c90c8fb1bd09efe87245f787310bddddbba1bd85fdaad"
"coursework/year-1/autocad/autocad-i/Midterm 1.bak","47987","fd55e835369a3e6b88f3e72b134fc10c6a6c849f60cd13bcd833add07da7046e"
"coursework/year-1/autocad/autocad-i/Midterm 1.dwg","47919","df4a2dbb7f5d0ed4bb53d0d55f6b26dd342e439061cffc8327c9550f43019643"
"coursework/year-1/autocad/autocad-i/Midterm 1.pdf","94591","b2740463db8b8830f4d7adb8443a53c3d237716fad98fa1c61d239177190c94a"
"coursework/year-1/autocad/autocad-i/Midterm 2.bak","68785","8ebe473412a4ef9018bd159586af9dff969173e12207b2a62b512332a187fee0"
"coursework/year-1/autocad/autocad-i/Midterm 2.dwg","48720","a0f5c0b4ef143e5449e04497c589b3c2fd119c400286fd78ea0e08f4e2af733f"
"coursework/year-1/autocad/autocad-i/Midterm 2.pdf","95450","a800361cbaa12b316f9e02d440d071de28d3c5ace7df4c8ba80f89c5135d02b1"
"coursework/year-1/autocad/autocad-i/OGmount.dwg","62555","09ccc0175a59f991ad4324ab76104083b77d8786222678d09fd83899685b4842"
"coursework/year-1/autocad/autocad-i/plot.log","3595","46afb54ad73a099df47833fb94aa0803b653179775d451be9431152318cc2d0b"
"coursework/year-1/autocad/autocad-i/Polar Array.dwg","46254","18a1db9acabe58057fcb1a893e5a71a6ee9cc865965c5fc56add1f61d14a1cf8"
"coursework/year-1/autocad/autocad-i/processed-28E0FA9A-9FBD-4A67-ABF1-3E190234C248.jpeg","2125561","381a7d5138d6a79fd230dce35e546cca3b48518708dedf76f00c1143063c1340"
"coursework/year-1/autocad/autocad-i/Quiz1 Angelo Demetroulakos.pdf","96781","da1f30016c842dcf5e35a6d457e87d644d0e977b958e5d6a6bd1690b144cf6be"
"coursework/year-1/autocad/autocad-i/Quiz1.bak","73467","3013cf3aacca96cb1bfd0533b4e6dcb0d2b5f7782ba89994b83ba0a9761bf30b"
"coursework/year-1/autocad/autocad-i/Quiz1.dwg","73519","034d9317740da34237785a7904e4d8682982f305ac8926c3d4d91652e3a41f4f"
"coursework/year-1/autocad/autocad-i/Quiz1.pdf","96786","2273aa8dd81ceed5969a77523fe8505b8bda610d996f56db6d1ce1c94a6a8af5"
"coursework/year-1/autocad/autocad-i/Quiz3.bak","56215","038ecbff012088dd47cc0e20dfcc0e6ce72ae4ca63f6daf7ab9498a9ed655683"
"coursework/year-1/autocad/autocad-i/Quiz3.dwg","60439","72e263da8ea16a8e5b8192089e103e08a8a4b7ac0a10b16e6147da4ecc42535b"
"coursework/year-1/autocad/autocad-i/Quiz3.pdf","104088","f58b05394bcc59435ff24407cbc48f07143396265f422fedf1d636d136c485f7"
"coursework/year-1/autocad/autocad-i/Random lines.dwg","37039","45f76998af41ea66190ec9978f01c70850737cd4c917724caf62f15bc4e2e3b0"
"coursework/year-1/autocad/autocad-i/Rectangular Array.bak","41777","b206e72dfb20a11c4a8431f38024745777dad7b1c94daf52a0ffc8f896f4a898"
"coursework/year-1/autocad/autocad-i/Rectangular Array.dwg","42799","ae708d59b6affebf266f80c840f9709692fd1615ed29847feaa0e9ad85230784"
"coursework/year-1/autocad/autocad-i/title_block.bak","62555","0b4eef9e114f338604e37c050e8d7e257d573ff2e00a357d1ff7db0424980e98"
"coursework/year-1/autocad/autocad-i/TitleBlockFinal.bak","37229","706f9d42b27196ce881b6d4f41777f67611268a4680060fb7d01c1399b6ea7a6"
"coursework/year-1/autocad/autocad-i/TitleBlockFinal.dwg","37644","474e52bb5f4871465476e802078428f6051b97e3ac33a7b9c1240a013b99d3bb"
"coursework/year-1/autocad/autocad-i/TitleBlockV2.bak","43410","052dcf0230abffa1664ee1f7434369df7daca5f183fb01eebda5503100d67bf3"
"coursework/year-1/autocad/autocad-i/TitleBlockV2.dwg","64382","cb9a5a0bdb3704767f7b50869d2c9bc6cb32aa65ae8b31d02558b6049c346d8a"
"coursework/year-1/autocad/autocad-i/Triangle.dwg","41898","79fb73633dce44383b6c0e2b45855268f1203c08aca7332af88ef6ce489dacfb"
"coursework/year-1/autocad/autocad-i/Triangles.dwg","44652","3c0df7540253c9ddc64b6d41d8c4cffac7c9b2906003593579038f9f738ab0ef"
"coursework/year-1/autocad/autocad-i/Weird House.bak","39501","5e8402c3ae872137bb9384d5eea1eb6b3c70621c3a254488ad3734b6b4255e21"
"coursework/year-1/autocad/autocad-i/Weird House.dwg","39501","fbe0fba78ac9747c41c8dcc817d38a6c222aa29b2846602470f9038d015ee5c0"
"coursework/year-1/autocad/autocad-ii/ANGELO_DEMEROULAKOS_EX6-26.dwg","65710","7f198736edd4051ebff07a1ca2763ca5efa81175d79c052b1bd927839ae7db5a"
"coursework/year-1/autocad/autocad-ii/Angelo_Demetroulakos EX_8-1.bak","40270","25355e34edcb5d47bebbb29c3551f6b34720dcc88abc41ab7cc2c02a0b0e46e0"
"coursework/year-1/autocad/autocad-ii/Angelo_Demetroulakos EX_8-1.dwg","40463","52d8a5fbb68aec3702b0060ed40da78b9b8c0a44c7db93bfe9e65e2d783996c8"
"coursework/year-1/autocad/autocad-ii/Angelo_Demetroulakos EX_8-14.dwg","42064","0196ea679236ef776bd44b9efbc2d5e65e0afac87df458f7c36b1b57501a4f7b"
"coursework/year-1/autocad/autocad-ii/Angelo_demetroulakos EX_8-23.bak","39474","344660a39e06ada7678eda39a23c4979904e4185ed2519ae77e6c0de44196da3"
"coursework/year-1/autocad/autocad-ii/Angelo_demetroulakos EX_8-23.dwg","40210","c88969818ed14a5ac95ff67efd948ed5529434e56174844767a6d185b9e5e9c8"
"coursework/year-1/autocad/autocad-ii/Angelo_Demetroulakos EX_8-25.bak","40783","01b5ba8a49dee153f1d5fd5c837b995530a01a2d2f7f41bb42b94ceb27274a31"
"coursework/year-1/autocad/autocad-ii/Angelo_Demetroulakos EX_8-25.dwg","41392","78cc6abec877732356f849ff2ceab99d2206c78e323fbb7b1631b744a2693143"
"coursework/year-1/autocad/autocad-ii/Angelo_demetroulakos EX_8-27.dwg","38961","3d47e8c63ebacb107b04fdb939642d1ac006b170c43301c14f7b79fc511dc7a8"
"coursework/year-1/autocad/autocad-ii/Angelo_Demetroulakos EX_8-3.bak","41647","79e95b14bb9daebb2e13708812ac2b5aab226f5c57ab48b1ddb9f1f50855151c"
"coursework/year-1/autocad/autocad-ii/Angelo_Demetroulakos EX_8-3.dwg","41776","ed8e7856f9b9fe5e303664774c4ea4d1ebe977030dd34b5093422f800aff69ce"
"coursework/year-1/autocad/autocad-ii/Angelo_Demetroulakos EX_8-5.dwg","39025","92c59b2ba8285e8418fdb31dbee1a96ea7b11e01223f8246f31b1f1bc0d95cfd"
"coursework/year-1/autocad/autocad-ii/Angelo_Demetroulakos EX_8-6.dwg","45811","4af57d2b3fd3cb5ddb7b1c41cf87fb821684bed34029d035623f605404342c65"
"coursework/year-1/autocad/autocad-ii/Angelo_Demetroulakos EX_9-1.bak","40946","79f92744bb3836069f71d447afebd128d7248d9b24f62d77c660f3a20ae5755d"
"coursework/year-1/autocad/autocad-ii/Angelo_Demetroulakos EX_9-1.dwg","41490","d0952f91bcd7a961b54320570353090ccd22750f21a6a23add2b807a6354fb01"
"coursework/year-1/autocad/autocad-ii/Angelo_Demetroulakos EX_9-10.dwg","42543","941472d0ff4bacc6b2cb77591e1e693e56f3505f4567a114c9f5185e5885c5c6"
"coursework/year-1/autocad/autocad-ii/Angelo_Demetroulakos EX_9-12.dwg","41131","2194bd24bb20a8175322491302a67d3af599068c9740336582e9ec76a2449876"
"coursework/year-1/autocad/autocad-ii/Angelo_Demetroulakos EX_9-2.dwg","40720","cab8a7d1a8259887dfeefe2cd365d92358856584c4c4a557ab026c9548817b1b"
"coursework/year-1/autocad/autocad-ii/Angelo_Demetroulakos EX_9-5.dwg","37296","35c5f11ca6c7eb7af3487c4f7acc9559074bea1b2f3bcf4aaa8f24520de6bafe"
"coursework/year-1/autocad/autocad-ii/Angelo_Demetroulakos Video 1 HW.bak","37776","01219cc03eb6c9c1788a32da5226cd8b53dfbe56a597c6e26daf2933a5f07fdf"
"coursework/year-1/autocad/autocad-ii/Angelo_Demetroulakos Video 1 HW.dwg","40945","e80f2123d82ecc7dc7461a244369cb8aeb11952fa9c9467e66bb21d3efd82b78"
"coursework/year-1/autocad/autocad-ii/Angelo_Demetroulakos Video 2 HW.dwg","104744","414676519d77a141f1e4a2035afe45f79444e1a0d6f908851c05652f9248aa74"
"coursework/year-1/autocad/autocad-ii/ANGELO_DEMETROULAKOS_CHAPTER6_EX6-20IN.bak","60087","a9117636d48e14b672f02daf472ac9e987debca13c0c801a8fee2412d67ab22e"
"coursework/year-1/autocad/autocad-ii/ANGELO_DEMETROULAKOS_CHAPTER6_EX6-20IN.dwg","80440","3cf062effaf3e830e9854d91a51dc9cfa560efa4c5a9b1015205f1dd553cb69b"
"coursework/year-1/autocad/autocad-ii/ANGELO_DEMETROULAKOS_CHAPTER8_EX10IN.bak","53817","67e46c9cff1bce2011c51bcab5382e757ea306ebc78219ed32a076a64ecb7a82"
"coursework/year-1/autocad/autocad-ii/ANGELO_DEMETROULAKOS_CHAPTER8_EX10IN.dwg","59334","90d977708789a255a724dced3eed552e997bf9a91e5d484d81afd02ce4475b97"
"coursework/year-1/autocad/autocad-ii/ANGELO_DEMETROULAKOS_CHAPTER8_EX13IN.bak","60886","72c9eeb850c6ad868755e9bd6b57fd219bbd7a45e2896bd268a2a767b925c6ae"
"coursework/year-1/autocad/autocad-ii/ANGELO_DEMETROULAKOS_CHAPTER8_EX13IN.dwg","79339","da4ffa8e0ac05f1b0bd7eba342ffaf693552e314a71daf0acccf65a647be57a4"
"coursework/year-1/autocad/autocad-ii/ANGELO_DEMETROULAKOS_Chapter8_EX6-1MM.bak","60421","521d81c1d26c7c7fafbeffd93c2be539f9a73512ad91d41035a9401c23b8dc22"
"coursework/year-1/autocad/autocad-ii/ANGELO_DEMETROULAKOS_Chapter8_EX6-1MM.dwg","58393","9a15731f66b7706df0db88c8b915e5785a6c0ac9f43e57c3650abb6bd3ed278e"
"coursework/year-1/autocad/autocad-ii/ANGELO_DEMETROULAKOS_CHAPTER8_EX6-2MM.bak","74583","bc4c5aeda78aabfc73920fdf0939c1966b47025fdbf50839a1abe70aa5ee05a5"
"coursework/year-1/autocad/autocad-ii/ANGELO_DEMETROULAKOS_CHAPTER8_EX6-2MM.dwg","74583","3b29f57baa7db27d1d377ed54fb800976355ac3802a28db8845950cd891e8b50"
"coursework/year-1/autocad/autocad-ii/Angelo_Demetroulakos_Ex 5-22.bak","103302","2c246fa7a3940949040481c01902089db67eaa8393f5944b931463f4b3b5dc40"
"coursework/year-1/autocad/autocad-ii/Angelo_Demetroulakos_Ex 5-22.dwg","114305","76a456e9372b41ab4b5e318696a243d6f1e3d2d868792fd86ffb8290e6995bc8"
"coursework/year-1/autocad/autocad-ii/Angelo_Demetroulakos_EX15-1.bak","60360","1deb5c93e1be3a088299431dc019a3770d52b17f34e6cdb46dfc61fae5eab0ce"
"coursework/year-1/autocad/autocad-ii/Angelo_Demetroulakos_EX15-1.dwg","61202","c1fec441175dde8b12faa7f384bf6b0ed8828d2cf754150c3aa324b547e46224"
"coursework/year-1/autocad/autocad-ii/Angelo_Demetroulakos_EX15-13.bak","56466","5bf6e1c6c4a4f4f790fa432d4a5730e87ba48b3459045cf0b6ef2712512fc1d1"
"coursework/year-1/autocad/autocad-ii/Angelo_Demetroulakos_EX15-13.dwg","56142","00766ab7e126685926df11b97cf9e7eecd9b389a667b73a2afc862ec6d90c4ea"
"coursework/year-1/autocad/autocad-ii/Angelo_Demetroulakos_EX15-24MM.dwg","53684","4b8589d321f82d1fbe3c6c4ea111c0780c21078fb33abe6cad1f286f260e1a1c"
"coursework/year-1/autocad/autocad-ii/Angelo_Demetroulakos_EX15-30MM.bak","65814","2904191f49eb9eae0a3684c4214ac45f790ba784964afa0fa4030843c67cdc7e"
"coursework/year-1/autocad/autocad-ii/Angelo_Demetroulakos_EX15-30MM.dwg","63366","4a920c05ff22ce7bfefb1e2fc4608ca5ebaa48f424336df47e53016eecd9b742"
"coursework/year-1/autocad/autocad-ii/Angelo_Demetroulakos_EX15-4MM.bak","69149","75092c176a38c13d4fc32f9c997e1c72217ae64b5077ed8df3eef07e0f5aba7f"
"coursework/year-1/autocad/autocad-ii/Angelo_Demetroulakos_EX15-4MM.dwg","52686","fab2dae37a5a33101edaf226163acd528cfa585050d01bb6bca1d62cb6b19e33"
"coursework/year-1/autocad/autocad-ii/Angelo_Demetroulakos_EX15-5IN.bak","53586","626e2d60fcce132bb126715ff30225ee8bfd401c012548f03edfce9de94f65a8"
"coursework/year-1/autocad/autocad-ii/Angelo_Demetroulakos_EX15-5IN.dwg","78925","d54d458cfd004a3e6d0fd99a2e51fda5767d757472a4e65b8b4aefc83878829c"
"coursework/year-1/autocad/autocad-ii/Angelo_Demetroulakos_EX15-8MM.bak","63736","a93bac4175d126a638894f7c46c56f0b51916907b781d7bb547682f536cf2780"
"coursework/year-1/autocad/autocad-ii/Angelo_Demetroulakos_EX15-8MM.dwg","66328","88fe94e2d42a04a846e6309cff6480264cbb8c21deaad22e4df21845a2fedb1e"
"coursework/year-1/autocad/autocad-ii/Angelo_Demetroulakos_EX5-49MM.dwg","63226","0f3188859527e9e006dbf09558af420f779e5f50e7027b2083b39fe86542f8a1"
"coursework/year-1/autocad/autocad-ii/Angelo_Demetroulakos_EX5-8MM.dwg","71803","81895e3868fefcf63c455e8a1285d5b8331fbe0e84bd4c648c115b2c69a9c821"
"coursework/year-1/autocad/autocad-ii/Angelo_Demetroulakos_EX6-15MM.bak","61400","291b5125784cacf681cdab6f88f6693af112b102f52559e8f4b527bd8c01bf72"
"coursework/year-1/autocad/autocad-ii/Angelo_Demetroulakos_EX6-15MM.dwg","78693","88ed017ef45fe90dccff8cc41b9929c87b1ba0987e0e4f597211fe360d517025"
"coursework/year-1/autocad/autocad-ii/Angelo_Demetroulakos_EX6-16MM.bak","60791","9831aedea5c988df0ee9c340a9f99f76ddb1485b310dd1f6a2b35f8e31c592ea"
"coursework/year-1/autocad/autocad-ii/Angelo_Demetroulakos_EX6-16MM.dwg","59511","56225da7aac671aff504bdfdee9d7f012ec51498030159985877fb325b9daf7e"
"coursework/year-1/autocad/autocad-ii/Angelo_Demetroulakos_EX6-17IN.bak","77780","1fa2c2ba3d52cf5e229e2375e6a5640c4ad87e5189311fc98d337706305fdea7"
"coursework/year-1/autocad/autocad-ii/Angelo_Demetroulakos_EX6-17IN.dwg","58167","17de082512d0fbf06fcecf70b328de845b9a3bc7851eba9ec0f4836d3c4f322e"
"coursework/year-1/autocad/autocad-ii/Angelo_Demetroulakos_EX6-28IN.bak","43410","9f412e91b45322cb330f8a621ef4e05e05ebcc778beebf29d7d8eabe4af7ee56"
"coursework/year-1/autocad/autocad-ii/Angelo_Demetroulakos_EX6-28IN.dwg","43921","1dd311b74edb13206c8ae5a5aa9bc5868260e9d10b0de6ecfc7969c997ab71ca"
"coursework/year-1/autocad/autocad-ii/ANGELO_DEMETROULAKOS_EX6-3.bak","58487","b7b8b6192bff986b75ca27adc42a433435ad926b120ce506e5f8ba44bffcc907"
"coursework/year-1/autocad/autocad-ii/ANGELO_DEMETROULAKOS_EX6-3.dwg","62296","e30134d3996a1cd20a9c594340caeecbeaf37ab1f281f5b648bb1f14b1c1bae9"
"coursework/year-1/autocad/autocad-ii/Angelo_Demetroulakos_EX6-32MM.bak","45968","06bf4b1815e3252fff2a796c4e2d2a1b6d6a356e04cd1f0f2940dd9e1eb0610a"
"coursework/year-1/autocad/autocad-ii/Angelo_Demetroulakos_EX6-32MM.dwg","46289","75fa16d9ea115b145e02c5bd61fdbf9935b1844d298382309280416f267c10d5"
"coursework/year-1/autocad/autocad-ii/Angelo_Demetroulakos_EX7-12.bak","42803","470325041604183ef301f70a4653ef61853c5d5b2df450e2c1c337e4da5044b1"
"coursework/year-1/autocad/autocad-ii/Angelo_Demetroulakos_EX7-12.dwg","57837","a24affe590a0fc59750cd82881ffca01b7c8e33c944a1c5300db0b19518475d2"
"coursework/year-1/autocad/autocad-ii/Angelo_Demetroulakos_EX7-13MM.bak","35277","d74cefaa3248045d7eed48bef37f8e1d131cd1c482e9bf7cc7d1e6f5079f7b01"
"coursework/year-1/autocad/autocad-ii/Angelo_Demetroulakos_EX7-13MM.dwg","42347","0890787715a8fd12b8fd76e2d12e4634cba09f376078aee9f0e28b64d5e88cf7"
"coursework/year-1/autocad/autocad-ii/Angelo_Demetroulakos_HW1.bak","33615","be9174b5b653c025e865e3b47ff480ed609f678d149912839fda99243380e999"
"coursework/year-1/autocad/autocad-ii/Angelo_Demetroulakos_HW1.dwg","65141","492d87e8dcb92b2ebc5e56e4c8828e2533175a81ee91ae5ce8b1fae40a28c2be"
"coursework/year-1/autocad/autocad-ii/Angelo_Demetroulakos_P1_3_8_25.bak","57878","deeff88b61f806f847b7d990cc549d9807a3ba05354f12bcf69c47f8540b4d7d"
"coursework/year-1/autocad/autocad-ii/Angelo_Demetroulakos_P1_3_8_25.dwg","54327","f17816b103e4736b702c1cce25af351f547616bb69cb8c6009fd7b26ffd7e9bf"
"coursework/year-1/autocad/autocad-ii/Angelo_Demetroulakos_P2_3_8_25.dwg","48270","a5d2171e0e2ffbde8bff84e0bed4e1b174812df4cf326b404073454548349950"
"coursework/year-1/autocad/autocad-ii/Angelo_Demetroulakos_P3_3_8_25.bak","47120","bd5b57fa8d93859466781899eec94b4918a3e00e369c8f728ea00321b484c6bd"
"coursework/year-1/autocad/autocad-ii/Angelo_Demetroulakos_P3_3_8_25.dwg","49807","3f38ecb44eceac603c7801158706608ba58e9a05941b2c947333acd2028be24c"
"coursework/year-1/autocad/autocad-ii/Angelo_Demetroulakos_Quiz1.bak","67638","5763e1b25946f72477fabc4a170bffbced29a9b1fb4c6dd116c28cbeb6d4bb7a"
"coursework/year-1/autocad/autocad-ii/Angelo_Demetroulakos_Quiz1.dwg","67863","a3f0d187c8c6b369293f11c85ff14b6d289c6d0679911b26ee9c1e2b3e87d6f9"
"coursework/year-1/autocad/autocad-ii/Angelo_DemetroulakosEX15-10.dwg","41584","b041066ff21e89bf2cfb19c6ef9387047f783312348dd916ebb20571b5387167"
"coursework/year-1/autocad/autocad-ii/Drawing3.bak","34031","024f6b34458cf281f2030bcb2e643aa1476ed05ae6306a2cf8e86bafa1683832"
"coursework/year-1/autocad/autocad-ii/Drawing3.dwg","34101","dbe6b4a14a81495456982e9ed6d21e4081a7bcdeaf4cd16978f5e0c596f0a972"
"coursework/year-1/autocad/autocad-ii/EX5-49MM.bak","62427","b0fb22b11639e15a6e07ad7f68cfb9d09f39ce4ffacf6131285b112a33db3a7c"
"coursework/year-1/autocad/autocad-ii/EX5-8MM.bak","71803","cd39a4ecaf9f2ecd0e22b9c6731e4c5cfc6da5597c30d38dc716e07bcfda9b72"
"coursework/year-1/autocad/autocad-ii/Final/Final1.bak","41328","dec5a5c16a250cf7c3417a50add38bfd27280cdb5c8a01848d0f101a26a8bc97"
"coursework/year-1/autocad/autocad-ii/Final/Final1.dwg","41969","cccbc4f41994b03641601c6342d4ab010b6300e0394eb46f5a3a006f72c59cee"
"coursework/year-1/autocad/autocad-ii/Final/Final2.bak","42860","73d8abb3904a7bef553cec3429270609f37315bfee31f3a15a70a4c03a356edb"
"coursework/year-1/autocad/autocad-ii/Final/Final2.dwg","42388","c53110c8f4c41b21be430fa50ca107f12f09b1988442fad0cdf74fb45702d864"
"coursework/year-1/autocad/autocad-ii/Final/Final3.bak","41299","d18be9409ec033d12dbc3499381aa1d6c7f6a4d8dcfde77c0aa69e57ecc8affa"
"coursework/year-1/autocad/autocad-ii/Final/Final3.dwg","53171","20e7146b4b4962f233d4385ebaca228c51de05bd4c8d7f1e1c7945401bfd647c"
"coursework/year-1/autocad/autocad-ii/Final/Final4.bak","68118","87f35ffa2ad44315bab3214a7810d692efd4d309f8f2d33c11c594d8f6558d4e"
"coursework/year-1/autocad/autocad-ii/Final/Final4.dwg","70197","ba7cfa4672bd0ba2799123463889eae583d674d0d271c43ef46c18b1f7097b3e"
"coursework/year-1/autocad/autocad-ii/Final/Final5A.bak","75284","7bc688f3c3f937f73d17c6ac63a3f00567eb082932413fcecde425d16e8c1b7b"
"coursework/year-1/autocad/autocad-ii/Final/Final5A.dwg","51306","e16f1d91ba2aaeadecb8702ffef6a1a4a7887c1bc819d378687cbbb296c404f4"
"coursework/year-1/autocad/autocad-ii/Final/FINAl5b.bak","55318","21747781e80c025f80986b32f31d0234b02f5d16345b30a2488bda3fe2922adc"
"coursework/year-1/autocad/autocad-ii/Final/FINAl5b.dwg","54102","75172c2e03b9d064a126b5c435dd02a6d9c2ec5c86cfca0ab843f3ca21cea6b4"
"coursework/year-1/autocad/autocad-ii/Final/Final6.bak","89720","77742499a92f85a83104843dc998c53a653fa2565a4992db98e55ccf2e61b276"
"coursework/year-1/autocad/autocad-ii/Final/Final6.dwg","106717","7a252101c44a616d91a62ba84db0c383eae1bb7ce47643b563eb3b958024f481"
"coursework/year-1/autocad/autocad-ii/quiz2AC/QuizExtraCredit.dwg","117265","8085687765aa1afabedc3a24cf4382248d82463dfee4b365e20642b93447daed"
"coursework/year-1/autocad/autocad-ii/quiz2AC/QuizQ1.bak","52089","3f10d998f0c8f82d7085ab757d2add83dd67bf6c5fdd09c0077c264ee0546c35"
"coursework/year-1/autocad/autocad-ii/quiz2AC/QuizQ1.dwg","72440","de6b9837d5fe92809021d583562a89cb8ac6bb71bb716ffdf5db80973d47a93c"
"coursework/year-1/autocad/autocad-ii/quiz2AC/QuizQ2.bak","66244","4e6b79a096e1e06ad35dec487ec8437daf77dbe7d30a30ea0a8985140a4df3b7"
"coursework/year-1/autocad/autocad-ii/quiz2AC/QuizQ2.dwg","56504","cde743f9a5326952899a7ea972b350873db4ce58541d1e0ba6d714868f593ac6"
"coursework/year-1/autocad/autocad-ii/quiz2AC/QuizQ3.bak","101588","6bfbd3d5aee6cba25b7b0f514788868fe823df61bba8d07441c2994d142c8d40"
"coursework/year-1/autocad/autocad-ii/quiz2AC/QuizQ3.dwg","101809","39e3779115febcb5c99e4cb4aff6eb9f27cadde8b0112804811004cc07e26875"
"coursework/year-1/autocad/autocad-ii/quiz2AC/QuizQ4.bak","57602","6f54fd43d788ea5a16fe77e0c99efc6d81d9a0cc1033f755591726ca09a8d3ae"
"coursework/year-1/autocad/autocad-ii/quiz2AC/QuizQ4.dwg","58091","1d60561f7a2aad234958c05e9ca9a6597dae6ffcafff4e4c9719118208c8d22c"
"coursework/year-1/autocad/autocad-ii/TestLoft.dwg","60819","bd03bf81979d563f7fa2b57737801ff1f106046e742d84b8f0bfc99a0e425cb8"
"coursework/year-1/autocad/autocad-ii/TitleBlocks/TitleBlockInch.dwg","41262","8451dc89849067b2bfbac044cb29954c1c54ed20fb80b31edb37ee18210fd473"
"coursework/year-1/autocad/autocad-ii/TitleBlocks/TitleBlockMM.dwg","40561","188a6f9c4cc6eb9808e78eeb77cb75c0f11a9fe548cba823d5d5ad71d65e0c94"
"coursework/year-1/autocad/media/dimensioned-3d-part.png","94235","f16e3a4e9ce164caca9bbf36c5a6ef61cb8decc62f3a00534be63fed06b073fd"
"coursework/year-1/autocad/media/helical-coil-model.png","227089","aeda9309b7f23208dc0d8a06803279e1c8a4d6b6a02a62fac8240911876b22fe"
"coursework/year-1/autocad/media/quiz-3-orthographic-drawing.png","50098","61227f0c6720bcc79cbd0bdbf142f50a281ddd90cbae6b08b7b62eccab631404"
"coursework/year-1/mastercam/media/toolpath-simulation.gif","10861450","fd869ea07815774c76a67953238272ebe92bee889ac69644e61219f63cf2498c"
"coursework/year-1/mastercam/Tutorial 1/Angelo_DemetroulakosPOST_1.NC","12598","7468f4d044026bd719124e907b07ab3f55aba833bd32ae6eb186b8e7ceb82d63"
"coursework/year-1/mastercam/Tutorial 1/Angelo_DemetroulakosPOST_NOTEPAD_1.txt","12598","7468f4d044026bd719124e907b07ab3f55aba833bd32ae6eb186b8e7ceb82d63"
"coursework/year-1/mastercam/Tutorial 1/AngeloDemetroulakosCAM_1.emcam","789223","d3e77bf7cdb4786432494aa8e8125074cc22f65b4214149af4432bae9b5ffb94"
"coursework/year-1/mastercam/Tutorial 2/Angelo_DemetroulakosCAM_2.emcam","10694111","2a36a3e01603fb25e986c40801c54cfe1b5f3cfe6d85ce51ed1382b0f4d081f6"
"coursework/year-1/mastercam/Tutorial 2/Angelo_DemetroulakosPOST1Tutorial_2.NC","558648","81d200a5200d2ebf8c437cdb6e15c994ef0f00296ba7be9c37e714c9784aa121"
"coursework/year-1/mastercam/Tutorial 2/Angelo_DemetroulakosPOST2Tutorial_2.NC","631","21ea2a8bf1e410041d9ba9fc00e862096a3ec007588b0d97d141048edd380e9d"
"coursework/year-1/mastercam/Tutorial 2/POST1_NOTEPAD_Tutorial_2.txt","558648","81d200a5200d2ebf8c437cdb6e15c994ef0f00296ba7be9c37e714c9784aa121"
"coursework/year-1/mastercam/Tutorial 2/POST2_NOTEPAD_Tutorial_2.txt","631","21ea2a8bf1e410041d9ba9fc00e862096a3ec007588b0d97d141048edd380e9d"
"coursework/year-1/mastercam/Tutorial 3/Angelo_DemetroulakosCAM_3.emcam","1815820","7d417fe6578461280b94cf62a4756e772cfc8d17b277c880f3f5cfc6aaf55abe"
"coursework/year-1/mastercam/Tutorial 3/Angelo_DemetroulakosPost1_Tutorial3.NC","227110","542dbd6063b915b1905b73166c09e71bf0ca05b58e77a725701fd7c254af9fc0"
"coursework/year-1/mastercam/Tutorial 3/Angelo_DemetroulakosPost2_Tutorial3.NC","6255","d5ecfa2919393e420cafed72c356308ee3990a090159f5ec8d6d0c7d09cfb209"
"coursework/year-1/mastercam/Tutorial 3/Post1_NOTEPAD_Tutorial3.txt","227110","542dbd6063b915b1905b73166c09e71bf0ca05b58e77a725701fd7c254af9fc0"
"coursework/year-1/mastercam/Tutorial 3/Post2_NOTEPAD_Tutorial3.txt","6255","d5ecfa2919393e420cafed72c356308ee3990a090159f5ec8d6d0c7d09cfb209"
"coursework/year-1/mastercam/Tutorial 4/Angelo_DemetroulakosCAM_4.emcam","1150980","f0a08d7d4af905970cd31f08a9e47a15a30847688ef4933fa78593de870d9008"
"coursework/year-1/mastercam/Tutorial 4/Angelo_DemetroulakosSetup1_Tutorial4.NC","27664","41e1d4150cd422fbe497ef937c6c3e8216fc6fb872613c91f75861f91a69ac05"
"coursework/year-1/mastercam/Tutorial 4/Angelo_DemetroulakosSetup2_Tutorial4.NC","3276","87eed236d2290b092b265f41b000cb1980d0134d8b0d19850fca612b33615bf9"
"coursework/year-1/mastercam/Tutorial 4/Angelo_DemetroulakosSetup3_Tutorial4.NC","4984","328826bd1756646bebf574dadabdcd38d43a720e66f713d85d39655cf234118f"
"coursework/year-1/mastercam/Tutorial 4/NewPrinter.cfg.txt","4406","763b51443dc615270d778786392ab8ea8cd2117ff60cc83d6a462d6aa86b8279"
"coursework/year-1/mastercam/Tutorial 4/Setup1_NOTEPAD_Tutorial4.txt","27664","41e1d4150cd422fbe497ef937c6c3e8216fc6fb872613c91f75861f91a69ac05"
"coursework/year-1/mastercam/Tutorial 4/Setup2_NOTEPAD_Tutorial4.txt","3276","87eed236d2290b092b265f41b000cb1980d0134d8b0d19850fca612b33615bf9"
"coursework/year-1/mastercam/Tutorial 4/Setup3_NOTEPAD_Tutorial4.txt","4984","328826bd1756646bebf574dadabdcd38d43a720e66f713d85d39655cf234118f"
"coursework/year-1/mastercam/Tutorial 5/Angelo_DemetroulakosCAM_5.emcam","2645536","23efc57c5b2e10428405a37e01dac0d92d994f250370dec9965cb096452ae610"
"coursework/year-1/mastercam/Tutorial 5/Angelo_DemetroulakosPOST_5.NC","526430","8385bd4f9988030e7695b9f22ba07e4d298b33d87c8f18eda26cd9b8ce80f8cb"
"coursework/year-1/mastercam/Tutorial 5/POST_NOTEPAD_5.NC","526430","8385bd4f9988030e7695b9f22ba07e4d298b33d87c8f18eda26cd9b8ce80f8cb"
"coursework/year-1/mastercam/Tutorial 6/Angelo_DemetroulakosCAM_6.emcam","2221318","a774aa71fa49a02b71b5e6a76b16f489c29280b95854bf8cd7f7bd1098d79029"
"coursework/year-1/mastercam/Tutorial 6/Angelo_DemetroulakosPOST_6.NC","336044","123a4f56756404edddd02644e3141bf0715bd0956490d327442a12a6c9bce56a"
"coursework/year-1/mastercam/Tutorial 6/POST_NOTEPAD_6.txt","336044","123a4f56756404edddd02644e3141bf0715bd0956490d327442a12a6c9bce56a"
"coursework/year-1/mastercam/Tutorial 7/Angelo_Demetroulakos_7.emcam","4090834","8dda97832fb665ddeb0c3e2394ae7d1f07bcd8fc210cd9764b79a422133c4120"
"coursework/year-1/matlab/bt.m","201","9da1004240951c7a096f5e8ed79e043d9c2a5d65cd8eb3301003e44dbbe561d5"
"coursework/year-1/matlab/classwork_4_11.m","90","f5817ca150e0aed58ef7eb1e61fab8498bdf08e66590ce5b5dbb403e085007f0"
"coursework/year-1/matlab/Classwork_4_11_2.m","281","ba389553e66932fd92ba14c5a88f2adc644ed01d18dd05bb022f7adb6a344ccc"
"coursework/year-1/matlab/Classwork_4_4.m","357","fa5105690949499f0a5fc4465aaf5d216e98e964fe744dfc1565175d4f7b6f57"
"coursework/year-1/matlab/classwork_5_2.m","53","a3f377abed07bc7c52a68c9ad554b50a4fbcc9731d49a945ece2ccf327f22d02"
"coursework/year-1/matlab/Classwork_5_2_2.m","181","09877149bfd010152bf9ad7eeed511b8c8a2b81ef2c871ba642359b366b143e4"
"coursework/year-1/matlab/Classwork3_7.m","100","ad690ce80dd5b8f6ef978727337ce1c3d49e235dbed68d2aa605ebbbdf0a1527"
"coursework/year-1/matlab/Classwork3_7_pt2.m","159","da6e34d0fc0f0fac0e15214339abcaadd2e21a409e80f2e149ac332136b6f153"
"coursework/year-1/matlab/ClassworkBT.m","12","0cd36d510c36ea383f45bcd00f3bbab21a440b611999e31b43a1cba40315771b"
"coursework/year-1/matlab/ClassworkCH4.m","79","8196b2c5d7301b6641de4afc22143baf065426b609eca12f8228e0ba0d4b9e83"
"coursework/year-1/matlab/cone_area.m","178","187e0866cc4fb29616e6559b5f7b53a91aa16bce2a377c33329c87f93266e674"
"coursework/year-1/matlab/Display80_32_12.m","166","0c925961f5a046cafef0b4c965f74dcc9ca0cbfc9725db150b99b916c14c04c3"
"coursework/year-1/matlab/html/Page100_Q14.doc","30208","26b13563820a7bb15dff0811fef76811eea1822b4f9c4df3cf92d010c3d489ab"
"coursework/year-1/matlab/html/Page100_Q14.pdf","102023","170e795af62743c606c9abffd5e9a4a13d3bb7abf16ee299cc0ec5c47145b8c2"
"coursework/year-1/matlab/html/Page100_Q16.doc","30720","e396ca3c0da1dd0400228e41e8ba72c5b86a53154feb34c92868d7b1696409ab"
"coursework/year-1/matlab/html/Page100_Q16.pdf","80410","0585857f287308165e7381a7687de6dae110b535d0b86ad5dbc3127b7e5c8265"
"coursework/year-1/matlab/html/Page101_Q18.doc","30208","22cd44a463ac2dd71574e4819eff1d79a78a0bb0e364e60e9698c32baac03478"
"coursework/year-1/matlab/html/Page101_Q18.html","5443","0fcc3e669800e28c942a51e6e994f684f422ce6fa16b70749f07aa930aa2b6dc"
"coursework/year-1/matlab/html/Page101_Q18.pdf","103582","d707dfd52d3c56b33a2f4fc65154312f508dbb043274e9d65c0e50d59d86b873"
"coursework/year-1/matlab/html/Page102_Q19.doc","31232","9eaa5f209209602b2c38cf771613e560a14f724943527a081ede4aa3c2d63eab"
"coursework/year-1/matlab/html/Page102_Q19.html","7526","44469f409938033c6bd7b944416c1176ab8bf0dd8efd550958644d54892b990e"
"coursework/year-1/matlab/html/Page102_Q19.pdf","105807","acf987c4f749b764f2be26e6192515ef252364af8470389b966a6145c5a88056"
"coursework/year-1/matlab/html/Page102_Q20.doc","45056","abc00d5ba6d303bedef211817725450f759c5587fba6d70d43921960cfff69fd"
"coursework/year-1/matlab/html/Page102_Q21.doc","43008","576ea60732e9b164865e9de1126adf850f25e9d8a09860c97d6b92ecfdff183f"
"coursework/year-1/matlab/html/Page141_Q9.doc","29696","66e728598bad5c263dda6fa6573d30bfedca4ed61a02ae2d829311ee315c16d3"
"coursework/year-1/matlab/html/Page141_Q9.html","4813","ee1890ec05598a80d9ac3837f5e5e65ffe0a1ca91ac112d074b0da4434399f0d"
"coursework/year-1/matlab/html/Page142_Q13.doc","30208","c903a8c9e118988c5b994018446e635e5589ed6a245c815a857f2d52745ed08d"
"coursework/year-1/matlab/html/Page143_Q15.doc","30208","1ee98f2f3e373f760178ede388c70eea8f22190e9b09e235fafb18063d94c044"
"coursework/year-1/matlab/html/Page47_Q5.doc","27648","ab4a29187bab76a6e6ab40a0f59a1779f26e34350848c36b1172e84abdab145a"
"coursework/year-1/matlab/html/Page48_Q9.doc","27648","874f40bbfbeb4987c5f13f149c35f7602998f88b128aa40750b31418111b1745"
"coursework/year-1/matlab/html/Page48_Q9.html","4658","c01a3356afd9a57eed2108abf1a73038a7ecda5b7cd42c80c243d0f2c63ade56"
"coursework/year-1/matlab/html/Page48_Q9.pdf","87821","3594f11ebe649b6bfc7c7039dd0fc59a88271e84e9ca7c4b592b3109c128fad6"
"coursework/year-1/matlab/html/Page49_Q15.doc","27648","e12e86f9058a720beeb9dd37501be74548b271f8bf4d54ff8376a6b916c011bc"
"coursework/year-1/matlab/html/Page49_Q15.html","4754","b05de84fcf0bd41c78f9252417008ef0e11d791e2af05ed4332598362efae2c0"
"coursework/year-1/matlab/html/Page49_Q15.pdf","91794","134b29e0bade39a4640d93cf60b903515fee88f944bf2eba54a8d82c071b7b7e"
"coursework/year-1/matlab/html/Page50_Q23.html","5330","66f191b9d7100a9602a7d1097bad36872b947a88852c69b4492117373e8aa61b"
"coursework/year-1/matlab/html/Page50_Q23.pdf","96821","548493f79c552cdbb75bc9a3d7ad3b9f5866642ba8a6f8084605cc067bef6a9b"
"coursework/year-1/matlab/html/Page50_Q25.html","4654","eb6e426625c42bbacb1b12d06d79622e87bd143c524656530c705898adf8ef03"
"coursework/year-1/matlab/html/Page50_Q25.pdf","93071","46fbcbb68bf6a94c55aab16bd140d5ab993b3a49c8256a485f4b6fdff2da5596"
"coursework/year-1/matlab/html/Page50_Q26.pdf","97445","c5d3cb4ad0b58f4250a807a4920df7d24ed421e10718b284a02197e41f67d5af"
"coursework/year-1/matlab/html/Test1.doc","27648","4479d03c16c9308e37ed443f03bb4ea57cfc2ccc5eb29670667e291761a07ded"
"coursework/year-1/matlab/html/Test1pt2.doc","28160","3daf7df0c6f6314be349fafc421eee6d28a4c8d45293d448784a14425a423906"
"coursework/year-1/matlab/html/Test1pt2.html","5336","f05a199e06aea77e8e7a68fadb96dd220ec428dc91ed03173cacd2ea6cb63447"
"coursework/year-1/matlab/html/Test1pt3.doc","40448","9e37a54fb8ce437e5e3b1caa4c7c82fe8fccffdf298edbfa29534b4e11042dce"
"coursework/year-1/matlab/media/gpu-analysis-workspace.png","66346","1d8ddf688fdfa8e36475e9be086fa3be1495ca6ab194e1c3f90f40f29b206a1e"
"coursework/year-1/matlab/media/gpu-share-chart.png","36576","4fd006e43b652d6a6b69f9385fdad64ad1d2aba4d33fc2d34fe866f7306215a1"
"coursework/year-1/matlab/media/smoking-rate-trend.png","42097","1e4a49823932039c761b5c0c9f3479eb4010477fbcb62d5cfdc0a0a6b1cf3131"
"coursework/year-1/matlab/Page.m","420","0b205b25525a03502cf8e4442f958861ca5faa57d1823ef8495a0b0355a49441"
"coursework/year-1/matlab/Page100_Q14.m","280","632812a2799464595706011df569f12543bfc56188d849103cb94d8163c7fa64"
"coursework/year-1/matlab/Page100_Q16.m","748","5ee947012bc7d72439f306e84d6b742b2cb40bb9a193aefa14d41956a84d9e8a"
"coursework/year-1/matlab/Page101_Q18.m","346","3067d3b4f155dea0c2f7df0b2e0256b7abf7f6f376a8c2bfa9cf12f3e911a57c"
"coursework/year-1/matlab/Page102_Q19.m","1072","714d631cc8c3dbfe23a189b0de47022a1cd22702f896915e03d1d84ba0e9b13b"
"coursework/year-1/matlab/Page102_Q20.m","514","ff4e1e04773f68d1f959613d9f0183128b71ad6374551780131a190a05a68770"
"coursework/year-1/matlab/Page102_Q21.m","544","f53f73ab44e05b4be1f472b3ac66502f9190e0bfddc1fb4f190cfd430884aa2a"
"coursework/year-1/matlab/Page102_Q21New.m","541","0c56c2bbd45896a14ef5b07c8991327dee486c52f66f6fbb3f5418600f46c3e3"
"coursework/year-1/matlab/Page141_Q9.m","164","78343fa2014e5feb4a6f934b956c5237e708f6b38306f454fdc8db6b1c0a737a"
"coursework/year-1/matlab/Page142_Q11.m","319","b45338e030eb83ffdaca457a20e9596b56d36ae78065c52c82a2dfbe8a3c3411"
"coursework/year-1/matlab/Page142_Q13.m","463","67a42939bf3b4d4ccd63d64661c2b78f4d961694f91e7d024e5fff832d234e11"
"coursework/year-1/matlab/Page143_Q15.m","487","a0a33df52065a600b79db45827210c251068fa118933ad60f8dc682a939f595c"
"coursework/year-1/matlab/Page144_Q16.m","579","5422da21880bac017202d1113675e70805f406eae7277a1f553b7b43ad64311a"
"coursework/year-1/matlab/Page144_Q17.m","117","df688df865ae3d66e207fb6bd0921917aeec67bf2c6e164f66f08cd91295761c"
"coursework/year-1/matlab/Page144_Q20.m","118","c91b4e1649aa45745f5139d9c09dd9fa134545d003f21b31472900fb8c40f202"
"coursework/year-1/matlab/Page201_Q10.m","528","aa1dc9f23268c77cbbec835eb2e56fdd9cb299329049ef208d5e0aeb026bc045"
"coursework/year-1/matlab/Page201_Q13.m","465","dd3412c486e40ad462e300368599b4adc397df40abad082f7015f14efb7e4e25"
"coursework/year-1/matlab/Page201_Q9.m","210","1f7f8271388ff5970403069707030598d05f617f7b79073203784fc8f61d2ce7"
"coursework/year-1/matlab/Page203_Q15.m","140","ea5d1de54db5073df98e92a6781fbb29f79b17134cda7303345356167d3043bd"
"coursework/year-1/matlab/Page203_Q18.m","212","bfff104927ba54ac053065127985d0b60024692884d5dd85ecbf0d11e867e048"
"coursework/year-1/matlab/Page204_Q19.m","248","663ae3f00a3260a9c29203ed133973bbb3bdd4fa9a58dcfa011daf6f36a19c89"
"coursework/year-1/matlab/Page205_Q22.m","49","210144f064da3d0d2506efeae4cbb35669f736359be7804e2a2729cc12ffa4df"
"coursework/year-1/matlab/Page47_Q5.m","162","2f4fd35513979ee19a9f0da87b615e0124b7813b88948f5585311b48f080ebbe"
"coursework/year-1/matlab/Page48_Q9.m","87","82f75c840ae40d18e3f21c410698a1c4c5f873172a0aa2b3cafbb512d73fd1a2"
"coursework/year-1/matlab/Page49_Q15.m","153","25db2130f47c33a4773558f8c4bd8b960ea532a145fced98b8774aff3ae66b58"
"coursework/year-1/matlab/Page49_Q17.m","483","d413d6c22916787277cb27a2e4e1ab907d6be53ff86602afa54ab6f34204c5b6"
"coursework/year-1/matlab/Page50_Q21.m","180","734195889af5dedb57def54d318d075e265563b8e4479be59e6fcb6c0b42859d"
"coursework/year-1/matlab/Page50_Q23.m","398","5cbc96a8ef5e87ee538072a7159d2793807d89b8685a165a59a12c7f52ac9499"
"coursework/year-1/matlab/Page50_Q25.m","122","aedfa05f89f8f1b5fe0e08b217963563e5e6097869639defd73a5bee1800efa5"
"coursework/year-1/matlab/Page50_Q26.m","214","a17bbd25d66c9af05e9bb2383b3d76b35aa31fc143e64e873dcee3ce1d38919e"
"coursework/year-1/matlab/pc3d.m","238","82aa247fabafe46b64127443aa0a5f9583eed3d5f4b3e515355915881b3a36d8"
"coursework/year-1/matlab/Project_4_equation.m","54","605f43a7e498396bdd6a109b08a32b3e5bff28678162a62856e51f2430c07b31"
"coursework/year-1/matlab/ProjectG2.m","832","9ab7f89dee77d6982f0b4106ca2ed3d9834d52eb055bb94c92b3d0e1d449ceda"
"coursework/year-1/matlab/Projects/Grade Breakdown-Textbook Cover.docx","54823","2b6fc22eb54fc36c03db61333f1a9c89aa514b7b4ede54f8dbe521fa2aaebe0a"
"coursework/year-1/matlab/Projects/Mech 1240-Project-cover sheet.docx","19568","9ee9cb745a82213ea92e273171428fe19b5bb9e314447145caa2349920f71f05"
"coursework/year-1/matlab/Projects/Project 1 Google.pdf","22399","31f2e1482c8841ae52cc271d7ef58f6ea489bd712eaa522ac8ddfbe24a59fa7e"
"coursework/year-1/matlab/Projects/project 2 Listening.pdf","46100","46972e284092bcbac6f2a08a62b5d49734bd666eeced7e6ff6c235473a933cfd"
"coursework/year-1/matlab/Projects/Project 3 Sky is falling.pdf","252224","8fbfa7f0ea2127f59ee6bf1133839deb2f38cadc400f11a0f0bc37426f1e8864"
"coursework/year-1/matlab/Projects/Project 4 Solar Probe.pdf","462472","f6fac828dc3826846c7131ffff040705e08d0e713680d2e9bb632ba9a8b2d16f"
"coursework/year-1/matlab/Projects/Project 5 Program yours.pdf","126613","b6fdff120a3a0914f2e09fd3f1133a922338f7b66452264cac7e2ca09618ba15"
"coursework/year-1/matlab/Projects/Project 6 making sound.pdf","15380","0100b78d43c92a548a040c226766a8cb85689edbe4d41f5e7296e2cf3e51dd56"
"coursework/year-1/matlab/Projects/Project 7 data analysis.pdf","14494","e1f2ede957952c5fa64372af048c1f9ee7e6d952d5f2c322fddfb86edc4d20a0"
"coursework/year-1/matlab/Projects/Project code/html/Project1GPUGraph.html","7153","30f5d83d468728594a9791c884b98b038bffd5462ae919ae543354a5887292d5"
"coursework/year-1/matlab/Projects/Project code/html/Project1GPUGraph.png","1129","afc3a1d10968ea2e28ad11704e922d45af99bf93720aa4352be90bc598f41067"
"coursework/year-1/matlab/Projects/Project code/html/Project1GPUGraph_01.png","9474","d58abefc8ad80788144eda59032ac8e0efd6b3fd6a75f5882ee99190b24aaac2"
"coursework/year-1/matlab/Projects/Project code/html/question4proj.doc","30208","55d80874e37f7f411e09cc60d20168beed13b644a02bf1054b5e9c1a5a19dcdb"
"coursework/year-1/matlab/Projects/Project code/html/question5proj.doc","41984","ea66875d19febeda163c33784f1c57c35d012e669e42af9bb88b2244747b482c"
"coursework/year-1/matlab/Projects/Project code/html/Unit7Smoking.doc","47616","c266ff930003e72d45b511f6a3e0c15d4069ee148a7429c47e68641ef7847bdf"
"coursework/year-1/matlab/Projects/Project code/html/Unit7Smoking.html","9367","b0561feea094f3856c36a5fc5daa43975aa8126495f1cc5751897750cbeaa1fd"
"coursework/year-1/matlab/Projects/Project code/html/Unit7Smoking.png","2289","8ddd99298d790ca2df89f1ee86ca5e3a0ab6f68663fa967221efacdf3bc01481"
"coursework/year-1/matlab/Projects/Project code/html/Unit7Smoking_01.png","17980","8a5213b2141d85e5825cf75d120f732b5ff4f28a5fc2727fb87f9f0f7d56a7e0"
"coursework/year-1/matlab/Projects/Project code/Project1GPUGraph.m","880","59a56d058a7033fe3559eda449e286c47ee79454f61705a7d95c9e2cf8473c91"
"coursework/year-1/matlab/Projects/Project code/Project2Bone.m","1308","b8202d81b0efcace3d203756fd7052f2768d921921187979fb0cdebd61a37647"
"coursework/year-1/matlab/Projects/Project code/Project3.m","367","ef65d4d6f1697b71edb2034ca01a7765aea2f2579857eb0abd7bd3076976e7bc"
"coursework/year-1/matlab/Projects/Project code/project7OLD.m","1658","67efaf31b04acc80e8f0db2d5a7d201d462613854cdc6b0c2a832f7be3890b8d"
"coursework/year-1/matlab/Projects/Project code/question4proj.m","699","2d63d0cad3b2a3cf6cf2e90c2d28e87cd5329923043ee819079dcdfff475eb3b"
"coursework/year-1/matlab/Projects/Project code/question5proj.m","800","bec24696914f1375f2540fc9cbc8e7115fede74952fcdb6670fc1ecb58197f37"
"coursework/year-1/matlab/Projects/Project code/question6proj.m","1248","8f045d21fccd6025c3adc70758f18215bfadc6ff620cec84d76552e76332d30f"
"coursework/year-1/matlab/Projects/Project code/question6projFinal.m","858","fcf612c4e61394617dafdd4f33d452d9132eb01ce4380f8d9b38d92c9a6394e3"
"coursework/year-1/matlab/Projects/Project code/smoking_trend_totalpop.png","35491","d206b6cd16072b2c1ca0ab51a605d26181cc138f48c3131551e177d12a9d9621"
"coursework/year-1/matlab/Projects/Project code/smokingkids30day.csv","8992","ab1cb904d4217ede9feef0015a4073777f845f0526dce4ee35b97a15a06895be"
"coursework/year-1/matlab/Projects/Project code/Unit7Smoking.m","1541","71f3b8e8276c43e4cd6a5bbdc43d0a616421882ab6b079523c4506f523b3c104"
"coursework/year-1/matlab/Projects/Project Docs FIN/ListeningProject2.docx","21516","6b71d156c8b93ff7096f14ab921e9104b090633179340776d9f091a7f1f39d69"
"coursework/year-1/matlab/Projects/Project Docs FIN/Project1FINAL.docx","45747","43331486dff2044a67d0ec54adb4c6cb22c69cd2da061befa5457b5236e0812d"
"coursework/year-1/matlab/Projects/Project Docs FIN/Project3.docx","20003","806359801d7336b2b5dd8894424505e8472af221cf79b69ae3b204d6d7848055"
"coursework/year-1/matlab/Projects/Project Docs FIN/Project4.docx","19980","bfae00f93c818ff80cae9938734e2f1b59ee4711b35e75f7f2b21e87104bbcd4"
"coursework/year-1/matlab/Projects/Project Docs FIN/Project5.docx","35491","ce3581f6fe368bbe598e31ff991f03add961329891aa9651da9d478a8ebfb803"
"coursework/year-1/matlab/Projects/Project Docs FIN/Project7KidSmoking30Days.docx","43256","badf811af7385aed15d7ae6f8a2dec995371bac0f3bbbd608537264f9375ad53"
"coursework/year-1/matlab/Projects/Project Docs FIN/question6projFinal.m","858","fcf612c4e61394617dafdd4f33d452d9132eb01ce4380f8d9b38d92c9a6394e3"
"coursework/year-1/matlab/Projects/story.mp3 (audio mpeg Object).m4a","7369010","c65a8f40ffeb67538a27d1889bb2cfbd57034eb884c79047f040df77dda75fe6"
"coursework/year-1/matlab/RowVectorTest.m","61","1e6c0f312057a7685384dc46862abfe99bff8d856fbfae3eecd0e01c5db25e26"
"coursework/year-1/matlab/SinWavePlot.m","129","cf01c305a66ee22f90271d190207de357aaa0f451313c227c6608a3828ac86f5"
"coursework/year-1/matlab/subplot1.m","578","1f5cde13b1d5e8d1e84b91c1f553e9f78f2cb4dd2566a78299e302c92802414b"
"coursework/year-1/matlab/subplot2.m","110","2c0b4b192cfd246eddc6d6cd49fbf9a2e4c1555a7891122ee8964c9836c83c9b"
"coursework/year-1/matlab/subplot3.m","139","8ea287a51f3cbd6fbec93da11199b4897b884cfe5e87c189a85658a45e766817"
"coursework/year-1/matlab/Test.m","21","b06129116036db9b9674de16c07f080156334838c066cd342df6a1ba80b1c6fa"
"coursework/year-1/matlab/Test1.m","215","abda137a4e0010d1540e456fa11dd201afd386e9d86fc8b2cc5e104a498ab5ef"
"coursework/year-1/matlab/Test1/Q1.m","172","fcbeb2a3befc164d2db5ace2bed513ffd416f12ad261c862e38cd1a97181037c"
"coursework/year-1/matlab/Test1/Q2.m","321","9740092af8dbc4359b0891653be6f70373724901fa0d97dce9ea82ccf94d6f2c"
"coursework/year-1/matlab/Test1/Q3.m","317","1587e6985b0f1e0d0353dff7fb03a0a64d8a75fcbbffd1853d6dce4a5299a91c"
"coursework/year-1/matlab/test12.m","48","e580bdc9f17f7b22c2a31650619cdd3fb742cd36819c78c77996357827b5e974"
"coursework/year-1/matlab/Test1pt2.m","364","4473d41ed0eab986c0dfe28bbb67a1b27c111f90d20deaba40c20aef8f979db5"
"coursework/year-1/matlab/Test1pt3.m","363","871ed7335ed5659593b57a2e2708e3c1e3592b7679bc497c9bdd7ab2c7de7b81"
"coursework/year-1/matlab/Test2/html/Question1.doc","29696","0b38f54baa7e9e1acff1d4d78b05e3484bed526e1cbc51ea74c820aeaadcd888"
"coursework/year-1/matlab/Test2/html/Question1.html","4770","1c3b2c9df619f48883353350b37ea38164103d75fdb70560524e5b7455611428"
"coursework/year-1/matlab/Test2/html/Question2.doc","30208","98cd3cb67759ff188cd896f8118698ae8f10288ae1486f8a943700e478a713e0"
"coursework/year-1/matlab/Test2/html/Question2.html","5633","02c4d256c744ecd48c2400d50c5a1285718adc0fce5b19e9e6039b76e7c544ab"
"coursework/year-1/matlab/Test2/html/Question3.doc","39936","e68e99ff421a6fd9d7d1c17ed9995742207264ab07b992b1fbecacb777a65dc7"
"coursework/year-1/matlab/Test2/html/volume.doc","29696","1cd21c1e26e4c265979b6b49d10f51c21562b7058f7e0ad099809bbf5cb5916a"
"coursework/year-1/matlab/Test2/html/volume.html","4837","2f930654177527564441f508178fe4c002a65c4615e7d306d0c7d5f23ece9345"
"coursework/year-1/matlab/Test2/Question1.m","160","79bfc9c1b7b116983b65ce79d8a344c7920852ab79759f599c1d71c63a551554"
"coursework/year-1/matlab/Test2/Question2.m","401","42b0660d4dcb52c3af461e2e8133f8bb9ae907a8c607bac5471832b528e3df21"
"coursework/year-1/matlab/Test2/Question3.m","157","d2b10f65b941c53feeae88872b8f203bb39b9d3827108217fa4bf7b0f874e453"
"coursework/year-1/matlab/Test2/volume.m","173","d6d2389318aa8110d97dcdadaecfe85f6ea65be84eef4b01ab9ad9080f5d9116"
"coursework/year-1/matlab/Test3/html/Question1T3.doc","29696","0271e6565902319df61a83402c985438ceef0d654831071a2161e542a57fc295"
"coursework/year-1/matlab/Test3/html/Question1T3.html","4861","258742ac66fda6ca406f5444facb630ceb7766e50a52cb764db416e8bbc05450"
"coursework/year-1/matlab/Test3/html/Question2T3.doc","29696","47cd68a0ce5564b4cdc38afd35ae705aaed83e981b83996fd5e8ebb397f38c0c"
"coursework/year-1/matlab/Test3/html/Question2T3.html","5072","fa80794a9d6fe2b0437b13cbc5be1bf2943277604d8b8896b142c6afc273c9b1"
"coursework/year-1/matlab/Test3/html/Question3T3.doc","29696","fbee8c811f75c064cc97202bfe8afc5be533823e1e424b7d7efccbc1f5ce0b91"
"coursework/year-1/matlab/Test3/html/Question4T3.doc","30208","36034b77e1ff5e7a11dd4fccc13f22d95137dae25d4b0b14aa420803ecb28b4f"
"coursework/year-1/matlab/Test3/html/Question4T3.html","5443","ca9187ca6c41638f315841ae8936bc00b5a4b78a5344bb0a2264caa1e8d9daa1"
"coursework/year-1/matlab/Test3/Question1T3.m","217","c477cacde10eaef93dccf7052a64ba0830c3cf274042448d570dbdbfb6fdaf8f"
"coursework/year-1/matlab/Test3/Question2T3.m","261","975e38df9d517eac2de1e87ec965c9eb21601e5b19b2961cfceebf23e9f772e3"
"coursework/year-1/matlab/Test3/Question3T3.m","135","23429fcc9a251ed9b7799a5637610c284560993a65f080bad94b8df5840856b4"
"coursework/year-1/matlab/Test3/Question4T3.m","385","3d6dbc9f888f75bd1f6027bd866882b791a5c7a43c0a2ceaad1b3fc88f8dcca9"
"coursework/year-1/matlab/TestQ3.m","110","ec137f1bd7dd89bdcebdcbb9d96e8a5acac20e6fd2e3bf8680f06891f4abdc2e"
"coursework/year-1/matlab/testrer.m","9","a17ab16b14c3b6e3745ada07680b7eec908e40be2b284cb06fdf11c9a96c53b8"
"coursework/year-1/matlab/Testza.m","95","45ebad5a785074a5159451437a15a701e26ced0dc6c76f3da9e5ff0c1ee64871"
"coursework/year-1/matlab/TF_to_TC.m","130","d2f774006f796124ea0c43d5b5e8215c53905b7ad431c2fb8f18741741948092"
"coursework/year-1/matlab/torusGeom.m","159","0e141ed54816b9ee1005ca5758547f34aac195d9305cca497fa8d1866be447d6"
"coursework/year-1/matlab/untitled.m","936","7d1cfeea63d10cd48870ec98a3bc2832cb0c46164297eb7a232fc571e9ab8b30"
"coursework/year-1/matlab/untitled2.m","471","3434d6bf93fb2cfb2c7d35de789c01bb06ea72f1bd8d81581c4a876b6bb1d1b0"
"coursework/year-1/matlab/untitled3.m","1063","2212ba85c4b2d71c5d3d66846bfd9bea21a32efbb23ff4e67e3af5da0b5d35ca"
"coursework/year-1/matlab/untitled4.m","1068","eb8e1cc583c64026455fdeb900b13e49c98884ed94cac7fb42b3cd7b51b66723"
"coursework/year-1/matlab/untitled5.m","646","47798c35973f1dab215bdb0d97c0ecc3b6577f1bdd42b716627c90154360fd81"
"coursework/year-1/matlab/WT_cost.m","190","331adc050af367d08dd5df9b86f8a7bca32c6f8990bb0c7578743a7344d1814d"
"coursework/year-1/matlab/YearsOld_80_32_12.m","208","0fabbbb3305b2580941cc4061e133a122841296e3d381ec46bf8d5252e826b40"
"coursework/year-1/mech-1101-machine-shop/media/images/inspection-sheet.jpg","499700","b58db9be7967a92f383fefc5977a788e7bf3f4c7828c81d19b35a3d448e57d8f"
"coursework/year-1/mech-1101-machine-shop/media/images/week-01/week-01-end.jpg","124934","add3361ea7daf1e9f3f8f292e8bcfa508658ff9632aa8b6c816576aae5d1885e"
"coursework/year-1/mech-1101-machine-shop/media/images/week-01/week-01-start.jpg","78746","4b0a3d32d7b0912e08f0bb157ba2540ed05c9bfe6a57ebe753ca6f349780b5ea"
"coursework/year-1/mech-1101-machine-shop/media/images/week-02/week-02-end-back.jpg","176459","b932a749d4299380d93db2af3bf05aef9388d6a7009c00d982989a2ff9964bb3"
"coursework/year-1/mech-1101-machine-shop/media/images/week-02/week-02-end-front.jpg","170861","d43174ca069fa3520dfd21893bb180a69c452b9e12b5ca2ee0151dfa5fdf505c"
"coursework/year-1/mech-1101-machine-shop/media/images/week-02/week-02-start.jpg","126905","184edfbd45618fc8367cdbb5671ee81bbf1ad5a4be27abe1e5fff4540cf6793c"
"coursework/year-1/mech-1101-machine-shop/media/images/week-05/week-05-end.jpg","148287","d4c43cb8dd169455cb2e1654daeb4b34712b66fff4b775162b12e0fe47e69bb7"
"coursework/year-1/mech-1101-machine-shop/media/images/week-05/week-05-start.jpg","171233","ec46aa66a6ecb8ea91369eb89cc4466e8da1c782dcfbd8ee71d51cb14bc010fe"
"coursework/year-1/mech-1101-machine-shop/media/images/week-06/week-06-end.jpg","84159","eb86d647b4e711b58202665d497384b6776dbebaaaee2bcd288a4ea3d89b297d"
"coursework/year-1/mech-1101-machine-shop/media/images/week-06/week-06-start.jpg","149172","07be735109b22f2d59f2b1f64f84b910e97209418dfde2504156005c96c17346"
"coursework/year-1/mech-1101-machine-shop/media/images/week-07/week-07-end.jpg","85893","70093dcb25cf055c21e046cd603f457f3df31a16d0f4e03c9bc5567d04f8c7ba"
"coursework/year-1/mech-1101-machine-shop/media/images/week-07/week-07-start.jpg","81293","1e97069d96c23fc9c66181ea1d436e955dafa7cfbb6f6f182412c8eb7a056664"
"coursework/year-1/mech-1101-machine-shop/media/images/week-08/week-08-end.jpg","90481","bec759ad179de7dd9315819a6e9e86085490cce14efb013b7f6079d7c9d2f567"
"coursework/year-1/mech-1101-machine-shop/media/images/week-08/week-08-start.jpg","81166","5bc60062f38da6a33735aa96340acd7fd42ef9e33b723266fa7442b0442f635d"
"coursework/year-2/inventor/~Angelo Titleblock.dwg.14524.tmp","404480","81e3921c03081e81b710ddd8ce789d074ef77c49d44721d073768fbe8e925f6c"
"coursework/year-2/inventor/11x8.5 title block.dwg","545412","669d69b63b2214ae1bd1bc83e71eed93b4c3ac27f46b6c20d6f48531fc603fa9"
"coursework/year-2/inventor/11x8.5 title block.pdf","72823","c05a8e46542ba7c6ace87ac470a7ebfc6bc35987f280e5942106964d2ba49e89"
"coursework/year-2/inventor/Angelo Titleblock.dwg","466157","79e962528649764f240cc1c8c873dfe5778596a460728070894028fc5da0f89e"
"coursework/year-2/inventor/Angelo Titleblock.pdf","391306","8080782462de9588e850842ee2f5fa97b7d8cc1597845f07fce56f9f3e977c41"
"coursework/year-2/inventor/Chapter 14/Assembly.iam","242688","c666f868f95a12aca9723e122f6c1a793a7e83c05e4b22e6edb43097ce04a645"
"coursework/year-2/inventor/Chapter 14/Assembly.pdf","114117","9c0dc89709f998647fcbe38da83b3edc9ab8733d1411698d61c815c72b9241b8"
"coursework/year-2/inventor/Chapter 14/Base-Plate.ipt","229888","7ca0f81f1bc942f0d82113219cbe674a5510f6cbfef9b686fabc43a77f665924"
"coursework/year-2/inventor/Chapter 14/Bearing.ipt","303616","6fb844f4ac43558bbb6646e598bd41c4b96cac80c83eace46aba25550449d5dd"
"coursework/year-2/inventor/Chapter 14/box.ipt","153088","579a467d81376deebf190d06a03178313470ce8bbed64fe6872192dc04de4ef2"
"coursework/year-2/inventor/Chapter 14/CapScrew.ipt","287744","e26d8fcef8a2bb141b9438f026b3ddc5bdb305d2e5271414edff51de73540d2d"
"coursework/year-2/inventor/Chapter 14/Collar.ipt","198144","779a89123b0737602af010437bdd3b828ae951de033c3242373a41147f0c1cc6"
"coursework/year-2/inventor/Chapter 14/OldVersions/Assembly.0001.iam","235008","bf59dcd7ece1adc72e7e32c120bd2047c1575fd8831b59e6b35be4c19cde0cdf"
"coursework/year-2/inventor/Chapter 14/OldVersions/Base-Plate.0001.ipt","214528","d7a44eab575ae0dd6465b2f1b837ea63ddb2df2c22e2ac125fbd551b06f507fe"
"coursework/year-2/inventor/Chapter 14/OldVersions/Bearing.0003.ipt","295936","a668933f1d336999896ff774ff32524defbb49e9b33db1e77fd3a15470991a0d"
"coursework/year-2/inventor/Chapter 14/OldVersions/box.0001.ipt","144384","f26dc1d49624a802cead0e43c9494ade17ba2ecbb47e9766fb9ffa2761b2c5e8"
"coursework/year-2/inventor/Chapter 14/OldVersions/CapScrew.0001.ipt","262656","9e4082b3032d4822b688e8dda6b9cf120a46d4af4b05f2e77197b82ee1c6d197"
"coursework/year-2/inventor/Chapter 14/OldVersions/Collar.0001.ipt","193536","8aa72233d1a6fe463fa38f74b5af09434b7b6b7db34709de61f7d33e4bd03cd3"
"coursework/year-2/inventor/class 2/locator.ipt","183808","cbdba89bbb1c0fcab2f76e9a52b41501c529ca520f342a9bd6a4f7bdedb377a9"
"coursework/year-2/inventor/class 2/locator.pdf","496009","0843cc1a8901b0340bea91af9a8eb30cebc1decee7215cd7f3a6b0e65301b803"
"coursework/year-2/inventor/class 2/OldVersions/SaddleBracket.0001.ipt","206848","f123e487a8237df1ddcd90be2c59d7ca2a70b25a899347f6634bb9fdeeaaa19a"
"coursework/year-2/inventor/class 2/SaddleBracket.ipt","223232","2f95a2c15dc4178114f54996a98f856f13c73511e53edd38f0ec0cb1157dbdb7"
"coursework/year-2/inventor/class 2/SaddleBracket.pdf","524577","220daa2d6bb5f8ee0b0ddb0d91481a36e64df92a824298b8501de6c938b80366"
"coursework/year-2/inventor/Class Project/class stuf.ipt","314880","3d9a68d7c89e52e281e013f363d715e7874440cdf28039c6c8cdcf9996efd392"
"coursework/year-2/inventor/Class Project/FinalASEMB.iam","417792","1994f01c1f5368a1d23b234c8140572fa4d200cf4f8f947046a37589185db818"
"coursework/year-2/inventor/Class Project/lid_.ipt","646144","f9f3bb6e25d22b3ea46de50e26703f2a1e6c8e0bfbd472d9c31e63077510c92b"
"coursework/year-2/inventor/Class Project/OldVersions/class stuf.0006.ipt","306176","60e0e9552b3d0fefd2c424a84e0602b8436924fcf8d9ba9467d7696250599810"
"coursework/year-2/inventor/Class Project/OldVersions/lid_.0011.ipt","591360","20d04977f9b8d59516da213b08e59b34ee7f9192866e2e70dd6f844f2dbf578e"
"coursework/year-2/inventor/final Project/bottle.ipt","280576","d172c428b155d5a8219242a21b1aa3df66850cedfa54bc37363937f7cb84092f"
"coursework/year-2/inventor/final Project/FinalBottle.iam","377344","56c13b1545eb75034972e478287cdf545c1aee67b2fd5533ff5a2c2a12c7df55"
"coursework/year-2/inventor/final Project/FinalBottle.ipn","168448","4bf0a5223f88faea5be2fa575721550dec93b622d789a605f84ba91e2f5e8a52"
"coursework/year-2/inventor/final Project/holder.ipt","798208","07cf5730ab641a5409e2d441c6c98544dfb23e9aa24695ef7bef32238f7def44"
"coursework/year-2/inventor/final Project/lid.ipt","389632","a84e520e957b2c817be26dd11f284fcba46e7980efeb7efe7e1a9448e683c1de"
"coursework/year-2/inventor/final Project/OldVersions/FinalBottle.0002.iam","376832","44562283da817a588921efa37a98fc47524356d22c03bb16e2ac9cef09296148"
"coursework/year-2/inventor/final Project/OldVersions/FinalBottle.0002.ipn","168448","2b30a04708b09b3918fe2d463cd69f0c580fefc0ec51860e93dca250a8ae9bc7"
"coursework/year-2/inventor/final Project/OldVersions/lid.0001.ipt","345088","4a6417a01ffe47d5a1268285fbfb50c01642abafe84812823064596f9d2627c7"
"coursework/year-2/inventor/final Project/OldVersions/Straw holder.0001.ipt","232960","e5a6e5bd1a4a6f1b0b373aaf93b4f445a5d54d378410cd8926d9a9a070e078aa"
"coursework/year-2/inventor/final Project/OldVersions/StrawPlaceholder.0001.ipt","210432","7238339242168d9e50bc1662e905c59e8c712ca12bda3e640fad9a9fa5250918"
"coursework/year-2/inventor/final Project/OldVersions/title block bottle.0001.dwg","535030","e12b71fb8831f78b61b0b10ca134ce60c1f77d7032b752f1f84b214ab5d8321b"
"coursework/year-2/inventor/final Project/Straw holder.ipt","233472","620fe6e1d882d1851748daa01fb692cf1a3940f16beb210d4a7400e53b1c54f9"
"coursework/year-2/inventor/final Project/StrawPlaceholder.ipt","210432","ee45051015cd0c2ee6a89664d7a92b00cb05b9915150e28874c46f82a738b2f3"
"coursework/year-2/inventor/final Project/title block bottle.bmp","4226934","de95312d8feba12e8cfeddbdf68859608606ae095a03fc5ca003781e30f2bd96"
"coursework/year-2/inventor/final Project/title block bottle.dwg","542812","34788af4e8886a6a0ab3bab1d0d6ad79d0ab0908c934144e501d14761325eb03"
"coursework/year-2/inventor/Homework 1/Adjuster.ipt","189952","44dc77ff104846c76a139a371b63abc6d007e2e0a01c5552c8d971e434e2591c"
"coursework/year-2/inventor/Homework 1/Adjuster.pdf","1404573","f624cfb179d64b7b9d5d2985751b01afea13f607d8aaac6f27b6e3499d71b2df"
"coursework/year-2/inventor/Homework 1/GuideBlock.ipt","230400","474155b46609b4a7f331bc4046f64e23e5bb50efded7c9da13ab24323b65b804"
"coursework/year-2/inventor/Homework 1/GuideBlock.pdf","246001","87040ca246c19febd795f587b053bfccf98e833dea767f01d7537a24f1023923"
"coursework/year-2/inventor/Homework 1/Inclined_support.ipt","200704","fad1f0543caca4814a162e18341cb3880d2c3030c0e95933d9236cf3b4277287"
"coursework/year-2/inventor/Homework 1/Inclined_support.pdf","1599713","f43feed43e8fa291bdd74339a65f30b8d4f77346faadafe548a9812400ddae08"
"coursework/year-2/inventor/Homework 1/OldVersions/Adjuster.0001.ipt","182784","28b862318fb7e7ac05cba4af6aa8cde98d5d412e33358762c81655a41eea0f71"
"coursework/year-2/inventor/Homework 1/OldVersions/GuideBlock.0002.ipt","222208","f3d92b5df72533ec884a7ee309489abe83acc17edf2dd24806c46e3561c7c349"
"coursework/year-2/inventor/Homework 1/OldVersions/Inclined_support.0001.ipt","167936","d85e70d82fe2797bf7a09d21dd729c08349c664a9010cb0c7a24e95eb7984f95"
"coursework/year-2/inventor/Homework 10/Actuator Bracket.ipt","505344","d53c2dc4723ea51e1134c469adf8f185a7611981bcf1c1f1e11acc04f5ed7b13"
"coursework/year-2/inventor/Homework 10/CoolingFanCover.ipt","385024","66457c942e5e3ee515446fc8bc973bda45ba6102c2ac8fe2b4e23100537e6dcf"
"coursework/year-2/inventor/Homework 10/Part20.ipt","514048","467f2ccad3b3fd6e793635cf84a60cfe9e8b6a72fc3b7c8b09d9ed226a6ff9fb"
"coursework/year-2/inventor/Homework 10/PDF/Actuator .pdf","106204","ef1b08c47d06d398e11ad1c87617b062597bee11c4283f9fb0458b27b9210c84"
"coursework/year-2/inventor/Homework 10/PDF/Actuator.dwg","466651","8b2518f732beb7d73ea05b1d95193677fac1375ea6f0fc00ab26f813292b9c89"
"coursework/year-2/inventor/Homework 10/PDF/CoolingFanCover.dwg","466666","8e32aeaa73740a4c1ba792c67b7bf4653e4165ede55638515e52bf0782175d24"
"coursework/year-2/inventor/Homework 10/PDF/FanCover.pdf","112562","aa117198b280bc927466cbb5909ba9aa81852163387e86ac585c1cfa48a8fa92"
"coursework/year-2/inventor/Homework 11/Assembled.iam","206336","a08b53b7109296e792ed95f17344b382d181ae946bae841d210e545178e12dc0"
"coursework/year-2/inventor/Homework 11/Assembly2.iam","209920","06c4963cc087ec2a5b4b5eab0dc55215f0aa10d17fa0c6a2eb9fef94701f1959"
"coursework/year-2/inventor/Homework 11/BlockBase.pdf","101965","9e6d3bacb5c3195345886f4bdea963b64da2cccb6fe20d83c8eda867514ea00f"
"coursework/year-2/inventor/Homework 11/constraint2.wmv","1240218","9610b6c77cc918d575755016ac912bdfef58b51616faa60496d67f41ed0ab251"
"coursework/year-2/inventor/Homework 11/CS_base.ipt","163840","a5d55261656e575b27ef9e5e258f877e05bb65af1249637d8df70ec623d83f2d"
"coursework/year-2/inventor/Homework 11/CS_crank.ipt","91648","bd75db04d794edaee7c07f5e0a2ba1a8cb86ec04e03061aab9b63b0deb5c8710"
"coursework/year-2/inventor/Homework 11/CS_rod.ipt","184320","2fb656531d1ff2a99056a507fee4ee44bb3f0ec869d899ac43ff33bb0897ef96"
"coursework/year-2/inventor/Homework 11/CS_slider.ipt","188416","83b2bed98a893418a4f393bdd3893db6ff057708eed8f92693cb3629156f768e"
"coursework/year-2/inventor/Homework 11/OldVersions/CS_base.0002.ipt","163840","5d9aab852b16b2f0f6af0066d3532a4f96aa0a60f2904a0136603d05de0bbf5c"
"coursework/year-2/inventor/Homework 11/OldVersions/CS_crank.0002.ipt","183296","2a02be82eaf5b13a8c3567e7987eee21dbfaf587623284ee95ed2d363a1cd5c9"
"coursework/year-2/inventor/Homework 11/OldVersions/CS_rod.0001.ipt","181248","ccca1a585b36e41e3830981cd615759b35275a6b1edb4175c2611174b7c56ca9"
"coursework/year-2/inventor/Homework 11/OldVersions/CS_slider.0002.ipt","186368","bd9ede9afe84a64bdc3f7778a3cbfe45440e4c829d0f9fd1227c48d36b537ba7"
"coursework/year-2/inventor/Homework 12/FinalBottle.ipn","168448","69b577e8a2e38048d353fc577410efcbe99816f6f69bf6c5d70b86fea6d10dec"
"coursework/year-2/inventor/Homework 12/OldVersions/FinalBottle.0002.ipn","167424","501ee91b6333090cb70b27c17acf05dbf6679b4d7155bcd94af1718f45c3d449"
"coursework/year-2/inventor/Homework 12/OldVersions/Plate.0001.ipt","159744","9c26af73ed71c86cc5b6dd5a64594ef97c047790fedace4badbd438702e7dc42"
"coursework/year-2/inventor/Homework 12/Plate.ipt","183296","ba8e9a999dcd25b3d0182a2b85ad8ecde4d690576f6469af7d833336b728e7b2"
"coursework/year-2/inventor/Homework 12/Plate.ipt Stress Analysis Report 5_4_2026.html","1166880","c6fb8e55c4c74f783870205da326660564250103984f5b1c40b38d38979c87cc"
"coursework/year-2/inventor/Homework 12/Plate/AIP/FEA/ff4akhj5s.fins","3318","e123a44e3ca81d73a5a8fdf065faad00650470f2e4f236adff5babd0dbae6b01"
"coursework/year-2/inventor/Homework 12/Plate/AIP/FEA/ff4akhj5s.fsat","25496","0a4c30449ee90b9f1991a864947f43a4b03f307205ca73ad239ce5db49118220"
"coursework/year-2/inventor/Homework 12/Plate/AIP/FEA/ff4akhj5s.ftes","4022","4d5f3dc029a5dfa0c5f40beceba96a810f8efc6710c9a3ff174808804ec5632f"
"coursework/year-2/inventor/Homework 12/Plate/AIP/FEA/ff4akhj5s.fwiz","2186","0e59367bdca7f1aaad2f77bba3a40b866ca7364334ffdc675c0eeedb1d185e6e"
"coursework/year-2/inventor/Homework 12/Plate/AIP/FEA/ff4akhj5t.fmsh","85276083","e4d1e756529ae2b2788a82fbb287f95fbd98a33c72c090f0bf5b6a877842a6c4"
"coursework/year-2/inventor/Homework 12/Plate/AIP/FEA/ff4akhj6o.fres","127058282","4899d9d0530c5416074211e36fecb8f03a7febf06d1c1b916600c654db16c57f"
"coursework/year-2/inventor/Homework 12/Plate/AIP/FEA/Simulation.log","2308","330d927ded7e41a6dbd0c48e535a69aaca31951b9670ab920ed0a1d423f0305d"
"coursework/year-2/inventor/Homework 2/C-Clip.ipt","181248","411af595e2561d6ef2419869da712f65da2b95727bda7f82bb68941e0de0ad39"
"coursework/year-2/inventor/Homework 2/C-Clip.pdf","1459195","d2d19ce6f0da82a5d0665a32107d826921aed9b96c52c53a592c7e0ba99bcd03"
"coursework/year-2/inventor/Homework 2/couplingbase.ipt","256000","5ae71d3cdbc19a878ac893bdbef1a9db6af467a473eeca7c05450351efd7720e"
"coursework/year-2/inventor/Homework 2/couplingbase.pdf","1523317","eff160c91c3f3b1a483d31fa1473bc9b5f4a941fee206756774aef1aa277d981"
"coursework/year-2/inventor/Homework 2/GuidePlate.ipt","192000","7cea52ce26658ec13da9ae7f79450e2514451d586dd4a2398e5befe2d2ab0136"
"coursework/year-2/inventor/Homework 2/GuidePlate.pdf","1540073","0635dd2418cb562a319498a3ab3981adcb7098c32d65111f4de54fd3200996d3"
"coursework/year-2/inventor/Homework 2/LatchClip.ipt","176128","74be2833c68e7ff2459f81b664ebd2d09b49ac4ded0eac253eccde08b2c75050"
"coursework/year-2/inventor/Homework 2/LatchClip.pdf","1420409","6fec55540c2538f86f8910d6d7d8bd90aeef33866a09477cf306798c9eb482f5"
"coursework/year-2/inventor/Homework 2/OldVersions/couplingbase.0001.ipt","257024","fd92fd4301c5b945c0c030546fe7ce89510eb7e2b4e2441de6bf2145608dbbc9"
"coursework/year-2/inventor/Homework 2/ShaftGuide.ipt","219136","ba375b3b2d4ad195b9ba30940b67476212cceed66049d63c976870950e9492bd"
"coursework/year-2/inventor/Homework 2/ShaftGuide.pdf","1435103","5faf7e1cfa34912870a40c98ad1a8b3a2d8d4d56af1d93dd6ad507f4aea5fa5f"
"coursework/year-2/inventor/Homework 2/TransferFork.ipt","319488","b4985111ed35fefdd7c9bcafe33a52be259dd8847791487fb73dedc14ded4ab3"
"coursework/year-2/inventor/Homework 2/TransferFork.pdf","1594911","becf533b33a22ffeb669bcc58ec7909983748809cc7ee714cfcecd4a4cb77d88"
"coursework/year-2/inventor/Homework 2/TubeMount.ipt","244736","abe7f199fdebead62bac466405d8aa1072fd253b8c96090ceff6f7a2f66b54df"
"coursework/year-2/inventor/Homework 2/TubeMount.pdf","1486434","9ab1297d13f2a0d0803b2f6fe5f172087d7270cb6ab9016587fc44ec2aab1e2e"
"coursework/year-2/inventor/Homework 3/AnchorBase.ipt","365568","abbb9256acdc5cf9d5988f4b53479b2ee97ee703b08d21f457aac0b1aed29532"
"coursework/year-2/inventor/Homework 3/GasketDesign.ipt","226816","b488fc4c62f3db9402c727397c0034ad335ba57447f6f5c08d890365b5e00886"
"coursework/year-2/inventor/Homework 3/GasketDesignDims.ipt","239616","97aafbee23863c37faf88a72fb0c20a66cf3f436ebd0af1fc62d41e5adf44cf9"
"coursework/year-2/inventor/Homework 3/HingeGuide.ipt","267776","80c4f21732b60843be4af23b7db5b12c1edd032cddae6d71de483da9286dd9b1"
"coursework/year-2/inventor/Homework 3/OldVersions/AnchorBase.0002.ipt","326144","9f6ec8f73d200ad833db0e7bf7c8a07cf79801a3d7825f35ceb78ed9dc0ac7d4"
"coursework/year-2/inventor/Homework 3/OldVersions/HingeGuide.0001.ipt","211456","b1efb6fc8864e2e0d73d44608c7ecac8082e17f8b83250e370dfc797cbae514d"
"coursework/year-2/inventor/Homework 3/OldVersions/PivotLock.0001.ipt","254976","bd224a10247216f2edc2ea5942779efe9f0ec6e88f5d7e60f5f7162a6dac71a2"
"coursework/year-2/inventor/Homework 3/OldVersions/WedgeBlock.0001.ipt","209408","041b371c4b1704ff041f6541e13bb5db43e4f6f816bf8eb002ddc118d5aee6fa"
"coursework/year-2/inventor/Homework 3/PDFs/AnchorBase.pdf","534351","05f38aae971ea6ea0910995e070447cd2aa756b3a15746087d48fd604f5bdcd8"
"coursework/year-2/inventor/Homework 3/PDFs/GasketDesignDims.pdf","529383","def48a976a41babef0d32784f99ff5c7cc5a6c9636f61057e3d0d7c56602ea18"
"coursework/year-2/inventor/Homework 3/PDFs/HingeGuide.pdf","532966","fdc5a3312759bcaa51471550687316f0ceecf5b3f844de9e8f95f179f6cc185f"
"coursework/year-2/inventor/Homework 3/PDFs/PivotLock.pdf","549508","bc6ea6551f37d68f7773e7460297c37e2d56873be43d49103653ba3ef256775d"
"coursework/year-2/inventor/Homework 3/PDFs/SwivelDIM.pdf","540338","1ea6d177263a40a8b8eca907fcc3a0b3bec22f0c54a236af14aab05a9636c8ea"
"coursework/year-2/inventor/Homework 3/PDFs/VentCover.pdf","462106","c28f2becbac15213509e3477560cf41110f1fc81d5dd37a3f4123c58c9b41845"
"coursework/year-2/inventor/Homework 3/PDFs/WedgeBlock.pdf","507465","2692f68bbe4e50a5ec45bb64785927c33494916b42e92638b31e76300cd8ee40"
"coursework/year-2/inventor/Homework 3/PivotLock.ipt","282112","0ca2983d6af6592197d3a361eddd0010ebaeae3d17d4f320e0ab824008ffc211"
"coursework/year-2/inventor/Homework 3/SwivelBase.ipt","217088","3b1470ab96059dcf818e6bd5ef87ebd6e84516aeb3d14608daa0a1604e394d07"
"coursework/year-2/inventor/Homework 3/SwivelDIM.ipt","244736","6a71170be6a05a17d4a7a68fa810e807e5017a3f1192b51f7ee2bdadc93ad9d3"
"coursework/year-2/inventor/Homework 3/VentCover.ipt","294912","b1bbe1df22ef4afa1251010fe35f40e5522a4782174ff629b060e1c77930e307"
"coursework/year-2/inventor/Homework 3/WedgeBlock.ipt","252928","31552f96f1e55de8c8ef3e1a149285a977a55d177cea5b84250a86d7bbcc8d30"
"coursework/year-2/inventor/Homework 4/BlockBase.ipt","248320","25c5eea53cb031fe4552775df291ea0acc67e30f2500c28b302bf141f4fa1ca5"
"coursework/year-2/inventor/Homework 4/Chapter8Projcet.ipt","358400","2655bd9700b95924eff5029c520a27ada7da7056334e158508be3e8e71c6201f"
"coursework/year-2/inventor/Homework 4/CornerStop.ipt","295424","1bdd65203db0c57f8bc743ecc09291a4df9de62718151f321b9dcd980ccaf2e3"
"coursework/year-2/inventor/Homework 4/final/AngleLatch.ipt","275456","b40964fdce485eb7bca190da75fb8a7513335db3fdd64c9fd2e2722d0f12db89"
"coursework/year-2/inventor/Homework 4/final/AngleLatch.pdf","1532103","896460b71f230da20184bdf39de9af1ce3deec6028b357d2ca6831a48eb97524"
"coursework/year-2/inventor/Homework 4/final/BlockBase.dwg","342154","e50abb36016c33cd30e25edb49ae2d1b8e17c538f083f8d65ce3f27bbec59395"
"coursework/year-2/inventor/Homework 4/final/BlockBase.pdf","102041","afb33878a39c507b8e9090a25bfbca1512388527106383fd373d6610af6aa1a0"
"coursework/year-2/inventor/Homework 4/final/Chapter8Projcet.dwg","300507","1aada2a45f56b67202fc989f75ae65f7db4d64c7021c0382319c0cee5eacac4c"
"coursework/year-2/inventor/Homework 4/final/Chapter8Projcet.pdf","83454","b4cf62b8a2b065d2898465cec731b84efc2c5b4db149885e71ad3dbf2d626b50"
"coursework/year-2/inventor/Homework 4/final/CornerStop.idw","305664","8443e9ab42d1c914cc81602af98245cc5867f41c621d4e9ab00bd7ac8ed4f7a8"
"coursework/year-2/inventor/Homework 4/final/CornerStop.pdf","173467","5de7e60b26ee4fc69bba0b39e3be800a977dc494fdf58456848295e2fa57e40d"
"coursework/year-2/inventor/Homework 4/final/InclinedLift.ipt","277504","859c13464aa36db0bdce4b8fc13426cc777995cc5025e050d846d2e3eff17fe8"
"coursework/year-2/inventor/Homework 4/final/InclinedLift.pdf","1599785","c635ac7e7753bfa19c71e18492d49aa97d75163b15d7c64b34fa4703a15bb2b6"
"coursework/year-2/inventor/Homework 4/final/ShaftGuide.idw","286208","8196b4f9883cde7fad2a7b448e2dea73b8e9917b8062ebe2fd6161b6ed492235"
"coursework/year-2/inventor/Homework 4/final/ShaftGuide.pdf","87930","3a04e4bb853240ef8cb8b47b895305d88d5cae00c5e2bc2e2d7bdc2f3a78dacc"
"coursework/year-2/inventor/Homework 4/final/UBracket.ipt","359424","5d1598f309c56f50bd2ecc547a972f5d1cfccb9bc640834646cdf1693020238a"
"coursework/year-2/inventor/Homework 4/final/UBracket.pdf","1543505","0e977adfbccb31649dc9a2f3208a4e2cc9495c62834921169c801c7a85ab05ac"
"coursework/year-2/inventor/Homework 4/OldVersions/AngleLatch.0001.ipt","229376","0dd3f73571f9977912e4dd1f540905d39f5a5ad5dcf2a9328f915ec1bc61193c"
"coursework/year-2/inventor/Homework 4/OldVersions/BlockBase.0001.ipt","220160","8db07a731397fff1ad3c6e2470dd8fc4a7c3715923347825d508113048069e8b"
"coursework/year-2/inventor/Homework 4/OldVersions/CornerStop.0001.ipt","227840","c45b57df20ffad12985f07648ff4ad6da3c64bd75faaabd7db27e6fd8dec922f"
"coursework/year-2/inventor/Homework 4/OldVersions/InclinedLift.0001.ipt","240128","bb1acf081a081a5e2a6245f38fb4705403b1fd9417db237c7e430c29cb6f65d7"
"coursework/year-2/inventor/Homework 4/OldVersions/ShaftGuide.0001.ipt","237056","573f483e151102b48b07f22aba498ef54c4ce83a52251ba9bd31fd72fdae801a"
"coursework/year-2/inventor/Homework 4/OldVersions/UBracket.0001.ipt","331776","334280f324fc5cb72e98df09bd2325f7856e1dd4dcb547a123d34eb5158de531"
"coursework/year-2/inventor/Homework 4/ShaftGuide.ipt","286208","340a7695a68d8a097ab6e4e3958d6bb082c2adccaa4d667014c51522069a744b"
"coursework/year-2/inventor/Homework 5/Angle V-Block.bak","416223","7e0f6263f17fda8befddf32ebf606ee3c418c76c9270e4d69e7ac571f024f5e2"
"coursework/year-2/inventor/Homework 5/Angle V-Block.dwg","442212","694dd2511ebe6e0089bac4e914425d30dc71b9197df42c1ee8750720cf4e21fc"
"coursework/year-2/inventor/Homework 5/Angle V-Block.ipt","225792","e3b8b21839db9956dfd7c9025a47f99b31f6fd0ef1535291f5a1736d8ee7a759"
"coursework/year-2/inventor/Homework 5/BevelWasher.dwg","449216","12f9c58b6a521f76ec92d00541a1a8666e0280222445b4bc40aed9f8930e99d4"
"coursework/year-2/inventor/Homework 5/BevelWasher.ipt","297984","7647552ff4976c1572409043b48c23222b55d46e670b95ceb909e63560a42ff5"
"coursework/year-2/inventor/Homework 5/OldVersions/BevelWasher.0002.ipt","270848","64089dc6f067ca22263a229f466e4cc94a005b03cd04b0b19acc34fb4d0ca2ed"
"coursework/year-2/inventor/Homework 5/OldVersions/BevelWasher.0003.dwg","312412","b9cffc3d159ce6170924c831854eae8ec26522606c29f4a37ac022fc4fd05094"
"coursework/year-2/inventor/Homework 5/OldVersions/RodGuide Design.0001.dwg","320316","b2b714fffc20669faa2b60d423cf0002d8615b89c1e928592672aa5c4e0ffd58"
"coursework/year-2/inventor/Homework 5/PDFs/Angle V-Block.pdf","118266","43a7688837a1c98996432a5a73c133814f448323ecc238e01ccb3263028f2e4a"
"coursework/year-2/inventor/Homework 5/PDFs/BevelWasher.pdf","130454","b52b3f027fb651bd4830ff2d3ef32d00d6ed803b136e225b18e6958a0dc25c72"
"coursework/year-2/inventor/Homework 5/PDFs/RodGuide Design.pdf","119243","b31a15d24652f603983cc01cce04a6cae0090d1a411216e0cd9bc1b7dc54b065"
"coursework/year-2/inventor/Homework 5/PDFs/RodSlide.pdf","121658","a871545ffa6e140eefb6371cbcded45b908df6d4d415a11d38a4796be6569654"
"coursework/year-2/inventor/Homework 5/RodGuide Design.dwg","409411","efff90eaf088a3a112662262bf3c4bd904c3a2218055f7efb550d8904e591912"
"coursework/year-2/inventor/Homework 5/RodGuide Design.ipt","231936","d154cc804d2bd8594386f6acbad5e804d501cc439aac64ab30f7c596889beb9c"
"coursework/year-2/inventor/Homework 5/RodSlide.dwg","404149","5b145b4defb886b860a7758a47a3a0c8f5d684b2963babc21d8b483fb2e33c16"
"coursework/year-2/inventor/Homework 5/RodSlide.ipt","222720","86b87f3341ede27d9acd3cb502e96efa4da106ec2469fa6fb76baa84eda18625"
"coursework/year-2/inventor/Homework 6/Hub.ipt","238592","b3e81b82c7f9c376dfe23aa66e6882d1b16463a24cbf7cc9d9438e8b690e9716"
"coursework/year-2/inventor/Homework 6/Hub.pdf","98430","cb70906517e9f3d73b822bb3cd167623025434e9c7069e382b46e855294e47c0"
"coursework/year-2/inventor/Homework 6/SwitchBase.ipt","235520","866d3bde871ee3fa9a2f4b86237051fb6f9fa3f0be8ba9e05992339297805fdc"
"coursework/year-2/inventor/Homework 6/SwitchBase.pdf","94658","fa7c9d92b1f5d16b3067258a33aaec7a774a4fae6d1ce2eadfafebabe0cd96d3"
"coursework/year-2/inventor/Homework 6/ThePully.ipt","274944","51614e10a4d9a4b23d9015c87bb220825e40c3a886456640c50bf2774be174ac"
"coursework/year-2/inventor/Homework 6/ThePully.pdf","124948","b1760d12e0685baccdce850c0dc75e899590f7b0052c9d707245eb577e583961"
"coursework/year-2/inventor/Homework 7/Hair Dryer.pdf","142543","ed6ff3d46d1b72771d77e6ab609c4e8ac2135fbdec19ab4283301ecd4ca949ee"
"coursework/year-2/inventor/Homework 7/HairDryer.ipt","760320","25edcae4ccf3bebe15bf5f94aff8c99961551c51061bed725089395df9e57470"
"coursework/year-2/inventor/Homework 7/PistonCap.ipt","261120","343482ef47e9e188eb75491b887c7e1da2bde05ee6afa55387e7b93f15976f1a"
"coursework/year-2/inventor/Homework 7/PistonCap.pdf","83898","9d7fd526a811ed3e2c4c7f6e86fa3d46ffba1e60da4e743b3793758263645a8b"
"coursework/year-2/inventor/Homework 7/PivotLatch.ipt","314368","562afbfa0c2994e08fd31627c92af2e660591a53c988e908a6b7e9cffe0bd0fe"
"coursework/year-2/inventor/Homework 7/PivotLatch.pdf","128895","9b353a560fada4b0010a35e77088969ec2e193bf6ddef732ce85a093104eed4a"
"coursework/year-2/inventor/Homework 8/10x20.ipt","167424","40731fd6340ce282b094f5488b2e148a819105f3c3fe86eb2c163578872681f1"
"coursework/year-2/inventor/Homework 8/20x20.ipt","157184","0d4cf2438360bf491fbfeee65fa6c2d8b5dca6dd551bc7c1f24741b17654fa42"
"coursework/year-2/inventor/Homework 8/assemb/P1/10mmoffset.iam","169984","1a115de319bde2f2875bd8e33cef703a1fcc00924fbd05147384afae99b0ad47"
"coursework/year-2/inventor/Homework 8/assemb/P1/Alligned.iam","145920","a22059fe7841ebc7aac9bd93e135a4d8a3ccbced91d27196b82b17469c10d656"
"coursework/year-2/inventor/Homework 8/assemb/P1/OldVersions/Titleblock.0001.dwg","388849","1b5c2e17c620bf35f92469589bafef95e73a20e44cf7d28ae56ca77a949f0335"
"coursework/year-2/inventor/Homework 8/assemb/P1/opposed.iam","164864","a9debf3a1c0423c63fa12e6eb8781e54704e0673662117db8d58bef1e3ee0d82"
"coursework/year-2/inventor/Homework 8/assemb/P1/Tangent.iam","143872","cf76b92e1601249634282d75c487c9bf7bb6a369ad20f8f7b87dc646b458bc85"
"coursework/year-2/inventor/Homework 8/assemb/P1/Titleblock.dwg","306457","576500199fb9b7be1bdb3b5779677a96f537126629a56f337be9e3943b290fa9"
"coursework/year-2/inventor/Homework 8/assemb/P3/5-29.iam","138752","4532b02074837f7fc2121030fb975f88c2d12be54dfee2a78ecb544b6d955445"
"coursework/year-2/inventor/Homework 8/assemb/P3/Titleblock.dwg","307481","d3cf6a0c308df62467724533a091219d12d829ee3a4c21de62a06ee203d2300c"
"coursework/year-2/inventor/Homework 8/assemb/P4-9/P5-1a.iam","154112","4a474ea8cc97d8ddcbf7a1256f44bd87af0de3a4aef5da417529599b83aa911b"
"coursework/year-2/inventor/Homework 8/assemb/P4-9/P5-1b.iam","139264","8201c22cf155d4e3e350147349e1e4e5f678fa6707117330ce485fafc7605170"
"coursework/year-2/inventor/Homework 8/assemb/P4-9/P5-1c.iam","147968","eb9e461b6ec33cc72ebcc2621ba1408596fb88273e7e90010d7ac008c73cd171"
"coursework/year-2/inventor/Homework 8/assemb/P4-9/P5-1d.iam","124928","eb7ba2ddb9f21318211a4ab23e890a67013c363636f9a9c2dfb5ad92c34808e7"
"coursework/year-2/inventor/Homework 8/assemb/P4-9/P5-1e.iam","137728","e578ff26bc90084266a3a4d057da9f0f6a4dca29c4f60a2624f540286cd1ee45"
"coursework/year-2/inventor/Homework 8/assemb/P4-9/P5-1f.iam","147968","2243f34365f7e92c118b88fc4a796fc75940265f547449e2ab90c76ddb6bf7ee"
"coursework/year-2/inventor/Homework 8/assemb/pdf/P1&P2.pdf","116290","3047b6c30f70752ccd9d0836cb02c0e2b653218b9724682dc9e9328f3312685e"
"coursework/year-2/inventor/Homework 8/assemb/pdf/P3.pdf","95000","7cda3b74b9acff667802529442216b4f91be3e61761da892872a27b53b47e3da"
"coursework/year-2/inventor/Homework 8/assemb/pdf/P4-P9.pdf","157051","c3dd748b26a8c3368d9e3226d681c209b8332b4a089ee2dc277f4acb2dde1830"
"coursework/year-2/inventor/Homework 8/Blockbottom.ipt","195072","a2f9e6c50e3674c9eb787e888f0203042827c34139673b2ef9ad5d0fee08c0d4"
"coursework/year-2/inventor/Homework 8/Blocktop.ipt","163840","e0c868649144aefb2061d881a703d48455e4fcb14ac761f5f0a958268881d10d"
"coursework/year-2/inventor/Homework 8/OldVersions/10x20.0001.ipt","156160","c0b2539360cf1fdc71550312450614b975066551829db4bc52feee6722ab7e6a"
"coursework/year-2/inventor/Homework 8/OldVersions/20x20.0001.ipt","153088","48498989e0609f98a91c8d119b41cc5273a7db4746126d165879a6869b249d34"
"coursework/year-2/inventor/Homework 8/OldVersions/Blockbottom.0001.ipt","174592","a025d2e77d7733de8791a6649c3176046ecfeee28538574e6d09ff152bb4a1db"
"coursework/year-2/inventor/Homework 8/OldVersions/SQblock.0002.ipt","153600","52aac58e2fd7d851a9a9460a6796e08bb976adc899296d819d1c469810580c7a"
"coursework/year-2/inventor/Homework 8/SQblock.ipt","156160","0ea3a62313e8fe5840a6bc36e01998523d81b53342aff4e3f9dcfb4711fb3e1f"
"coursework/year-2/inventor/Midterm/Midterm.dwg","546863","549fd73814f2b9293ab21363294c4704ecf7f6125a6428912ce0f8daa5e7132e"
"coursework/year-2/inventor/Midterm/Midterm.pdf","108313","05ad7746aec424d28520924ce52104afa88c2292dcb1ee04b13287b58e28c355"
"coursework/year-2/inventor/Midterm/Midtermnew.dwg","513070","27cbb5c561565d655b8ae9e94f7ce174b2cf68715d5eb6824a935c573ed8a3f0"
"coursework/year-2/inventor/Midterm/Midtermtech.dwg","453254","9cee46e163128e26fdbf8539d7b6534046970bb4a95de0ab4cff704f397845fe"
"coursework/year-2/inventor/Midterm/Midtermtech.pdf","108172","c374821d36809932d9193bab61ce25f45b189b4f2d938cb2318d8f4b167fd4cb"
"coursework/year-2/inventor/Midterm/OldVersions/Midterm.0002.ipt","357888","5c8d7ab1b0db49de3ad8e1446e1d4c0f07090c4bf869542416bf84a60ea829aa"
"coursework/year-2/inventor/Midterm/OldVersions/Midtermtech.0001.dwg","424475","34e0d6b6d8bc599d9bb675a4d028f6c33fdf6bb2f700b0c90ce91bd1d82ae0c2"
"coursework/year-2/inventor/Midterm/Part1.dwg","114009","b8194a2fae6db0b939d5d078fad5bd3f14f12eeeff039387e29dc0578616fd74"
"coursework/year-2/inventor/Midterm/Part1.ipt","368640","c7b4016a6b39f17041c68d149102bffb91f51c2fe163c116f178acfe0f742992"
"coursework/year-2/inventor/MiniProject/axle.ipt","200704","2db31555baa5cd0f81577ce7ad96ab5551f1c43413b5f6eb104a166f78c39914"
"coursework/year-2/inventor/MiniProject/Base plate.ipt","221696","55faf0aa096e4eb147df57b37ae9c458039a8c9d655b07fde58911cb978ce704"
"coursework/year-2/inventor/MiniProject/Bracket MATL.ipt","349696","a871d965be7a416b28c4b80252125b3a47bbea80e6b83e51018bc3caed218843"
"coursework/year-2/inventor/MiniProject/Final.iam","248320","6ed3d8df91b417d7a206009118bdcb1fcd4e019cce389680ccb6006e1755ad4b"
"coursework/year-2/inventor/MiniProject/OldVersions/axle.0002.ipt","205824","19b043afa84151d7b15fc7ad39e3d0afcde21095421d9a90fcc536151741313c"
"coursework/year-2/inventor/MiniProject/OldVersions/Final.0001.iam","247296","8694837df4b52aa8526ee472ea54667f5bc40ec28b132b72ece90a91c2cb990f"
"coursework/year-2/inventor/MiniProject/OldVersions/Wheel.0004.ipt","267264","445e5b2eada6bca46a41f3159a5c2154ac0987882ebc965b72a1bfcdef418baa"
"coursework/year-2/inventor/MiniProject/pdfs/assemb.dwg","406496","cdba7a286d02c5b9228002a9cedf02b38dabbe3a2dcd77bbb1e3c2291144d238"
"coursework/year-2/inventor/MiniProject/pdfs/assemb.pdf","391306","8080782462de9588e850842ee2f5fa97b7d8cc1597845f07fce56f9f3e977c41"
"coursework/year-2/inventor/MiniProject/pdfs/AXLE.dwg","299190","6531015c8f793bd502b4f87a3eb701e0bf59b0ce1a0a85ebde8aab81f4285e47"
"coursework/year-2/inventor/MiniProject/pdfs/AXLE.pdf","82004","6f94773b577b264e22ddafc5a2ad6dcb97659bb136c3d87130a7fb0d1b631125"
"coursework/year-2/inventor/MiniProject/pdfs/BASEPLATE.dwg","355879","c5d299d8265d512d4b6954a869fdcebf189bfb542db34823664043cee08d00f0"
"coursework/year-2/inventor/MiniProject/pdfs/BASEPLATE.pdf","175668","ab06e600a7e3034de046c6ba81a5d895aa1ef5447cc425b0e05aac45ff072cba"
"coursework/year-2/inventor/MiniProject/pdfs/BRACKET.dwg","408873","63a1c7a72002dfd94d93ff322672bbb0b5dd708a0650c369a3fb4b50124a1413"
"coursework/year-2/inventor/MiniProject/pdfs/BRACKET.pdf","221711","5a6e8b35500f6771c17f4cab445785e044dc11ee8c81e2caab7fd385663b498f"
"coursework/year-2/inventor/MiniProject/pdfs/WHEEL.dwg","418042","21eaf8545615f6916af594838b7299609bf41f7582afe66e5a6cf7cd12bba4df"
"coursework/year-2/inventor/MiniProject/pdfs/WHEEL.pdf","221871","1be55204c4955faf5e288bcb028a7dfcc8457845023ef31d1a0a418b43da7367"
"coursework/year-2/inventor/MiniProject/Wheel.ipt","270336","e0ae144de3d72b051dbee08c90325555667b99111e4e6b35486d4702366490bf"
"coursework/year-2/inventor/OldVersions/11x8.5 title block.0001.dwg","247287","8199f8b1e49987b80fcfdb5cf57218ad692ba208a878c9d559a109bdb823a5c1"
"coursework/year-2/inventor/OldVersions/Angelo Titleblock.0012.dwg","467037","84496d85b33863c7e83ff9e556c79879d3aa58062e47d3936536ee31ec3cccaf"
"coursework/year-2/inventor/Parametric.pdf","68443838","6a3a000d8e877b47490cc4bb2e24ff60ce1729cac560c7aa89e254a23532e83c"
"coursework/year-2/inventor/sajid/sajid hw 2.ipt","213504","8aae05bac6b0d4eef56d3ddc7293f6ee869720b86f38f4c0565ab4dce66f376a"
"coursework/year-2/inventor/sajid/sajid hw 2.pdf","1447236","99c6c7b1d8ed46d16b925d2fc9a169c7f05473ee71d4f8c4ed89b6b08733d76e"
"coursework/year-2/inventor/sajid/sajid hw.ipt","169472","fe5d15d3e77feee337817168fd48ca88652c5f32db283b3c24315fd3748c990d"
"coursework/year-2/inventor/sajid/sajid hw.pdf","1515099","c8d4f311b07e014581a7be167d4634fecdcf9330c44409d9c0e10f86edd04e8a"
"coursework/year-2/inventor/sajid/sajid hw3.ipt","182784","28b862318fb7e7ac05cba4af6aa8cde98d5d412e33358762c81655a41eea0f71"
"coursework/year-2/inventor/sajid/sajid hw3.pdf","1402809","95c5fe90eeef66b3ca546457d2f6a8dcfa7b15b85a5684c475760a47471699b8"
"projects/kiwi-swerve/Kiwi Swerve v2.emcam","889236","5b4c149b66446749bda8ee5a7ca7ceaab2b9f171a2db18d63c461eb185087e8e"
